Date	Price	Open	High	Low	Change %
4-Dec-17	"11,595.00"	"11,162.00"	"11,598.00"	"10,788.00"	3.93
3-Dec-17	"11,157.00"	"10,880.00"	"11,842.00"	"10,299.00"	2.54
2-Dec-17	"10,881.00"	"10,852.00"	"11,187.00"	"10,627.00"	0.11
1-Dec-17	"10,869.00"	"9,907.00"	"10,949.00"	"9,370.10"	9.71
30-Nov-17	"9,907.00"	"9,771.90"	"10,540.00"	"8,821.00"	1.62
29-Nov-17	"9,749.40"	"9,891.90"	"11,427.17"	"9,001.10"	-1.5
28-Nov-17	"9,898.00"	"9,727.10"	"9,977.77"	"9,608.30"	1.74
27-Nov-17	"9,728.80"	"9,303.90"	"9,760.70"	"9,268.90"	4.43
26-Nov-17	"9,316.00"	"8,791.00"	"9,495.00"	"8,769.20"	6.27
25-Nov-17	"8,766.20"	"8,191.60"	"8,770.00"	"8,132.90"	7.01
24-Nov-17	"8,191.60"	"7,977.00"	"8,350.70"	"7,873.00"	2.69
23-Nov-17	"7,977.10"	"8,230.00"	"8,267.60"	"7,977.10"	-3.07
22-Nov-17	"8,230.10"	"8,097.30"	"8,310.00"	"8,064.30"	1.64
21-Nov-17	"8,097.30"	"8,245.10"	"8,380.00"	"7,790.00"	-1.79
20-Nov-17	"8,245.10"	"8,052.80"	"8,310.20"	"7,943.40"	2.37
19-Nov-17	"8,054.20"	"7,770.60"	"8,126.90"	"7,652.00"	3.61
18-Nov-17	"7,773.30"	"7,674.10"	"7,867.00"	"7,419.50"	1.24
17-Nov-17	"7,677.90"	"7,865.00"	"8,029.80"	"7,511.10"	-2.37
16-Nov-17	"7,864.20"	"7,273.70"	"8,012.90"	"7,099.90"	8.05
15-Nov-17	"7,278.30"	"6,589.90"	"7,310.20"	"6,589.90"	10.63
14-Nov-17	"6,579.20"	"6,476.50"	"6,687.80"	"6,315.40"	1.62
13-Nov-17	"6,474.60"	"5,806.50"	"6,680.00"	"5,786.10"	11.21
12-Nov-17	"5,822.10"	"6,282.40"	"6,465.00"	"5,426.00"	-7.6
11-Nov-17	"6,300.70"	"6,541.20"	"6,788.00"	"6,166.00"	-3.69
10-Nov-17	"6,542.20"	"7,123.30"	"7,313.10"	"6,405.20"	-8.2
9-Nov-17	"7,126.20"	"7,447.00"	"7,447.00"	"7,017.60"	-4.25
8-Nov-17	"7,442.40"	"7,102.00"	"7,895.00"	"7,029.90"	4.77
7-Nov-17	"7,103.30"	"6,959.60"	"7,214.40"	"6,959.00"	2.13
6-Nov-17	"6,955.00"	"7,355.10"	"7,429.50"	"6,915.10"	-5.78
5-Nov-17	"7,382.00"	"7,370.90"	"7,595.00"	"7,272.00"	0.18
4-Nov-17	"7,369.00"	"7,104.00"	"7,521.10"	"6,936.50"	1.24
3-Nov-17	"7,278.40"	"7,018.90"	"7,447.50"	"6,926.50"	3.68
2-Nov-17	"7,019.90"	"6,735.00"	"7,315.10"	"6,724.50"	4.35
1-Nov-17	"6,727.30"	"6,450.20"	"6,727.30"	"6,348.00"	4.17
31-Oct-17	"6,458.30"	"6,129.90"	"6,472.10"	"6,082.70"	5.44
30-Oct-17	"6,125.30"	"6,146.00"	"6,237.20"	"6,010.00"	-0.5
29-Oct-17	"6,156.00"	"5,718.10"	"6,330.00"	"5,662.90"	7.61
28-Oct-17	"5,720.60"	"5,759.80"	"5,863.90"	"5,634.70"	-0.68
27-Oct-17	"5,759.60"	"5,890.00"	"6,010.20"	"5,681.20"	-2.21
26-Oct-17	"5,890.00"	"5,724.20"	"5,966.60"	"5,680.50"	2.97
25-Oct-17	"5,720.00"	"5,509.90"	"5,743.90"	"5,367.90"	3.82
24-Oct-17	"5,509.50"	"5,902.50"	"5,902.50"	"5,457.50"	-6.73
23-Oct-17	"5,906.90"	"5,980.50"	"6,051.00"	"5,639.80"	-1.23
22-Oct-17	"5,980.50"	"6,005.10"	"6,069.60"	"5,717.90"	-0.41
21-Oct-17	"6,005.10"	"5,984.90"	"6,190.00"	"5,873.60"	0.34
20-Oct-17	"5,984.50"	"5,694.00"	"6,082.20"	"5,606.40"	5.1
19-Oct-17	"5,694.00"	"5,574.80"	"5,741.00"	"5,505.80"	2.32
18-Oct-17	"5,565.00"	"5,597.70"	"5,597.90"	"5,114.30"	-0.57
17-Oct-17	"5,597.10"	"5,764.80"	"5,779.00"	"5,511.00"	-2.9
16-Oct-17	"5,764.40"	"5,712.20"	"5,803.20"	"5,570.40"	1.15
15-Oct-17	"5,698.60"	"5,838.70"	"5,876.90"	"5,450.00"	-2.34
14-Oct-17	"5,835.00"	"5,636.80"	"5,854.30"	"5,567.30"	3.52
13-Oct-17	"5,636.80"	"5,440.00"	"5,874.30"	"5,376.00"	3.84
12-Oct-17	"5,428.50"	"4,824.90"	"5,437.60"	"4,815.10"	12.51
11-Oct-17	"4,824.90"	"4,777.70"	"4,879.50"	"4,715.00"	1
10-Oct-17	"4,777.00"	"4,782.30"	"4,940.00"	"4,717.50"	-0.11
9-Oct-17	"4,782.30"	"4,612.40"	"4,874.90"	"4,551.30"	3.67
8-Oct-17	"4,613.10"	"4,435.90"	"4,630.00"	"4,417.60"	3.99
7-Oct-17	"4,436.00"	"4,370.00"	"4,477.10"	"4,316.10"	1.49
6-Oct-17	"4,371.00"	"4,312.60"	"4,424.50"	"4,294.00"	1.29
5-Oct-17	"4,315.40"	"4,215.90"	"4,364.60"	"4,134.90"	2.38
4-Oct-17	"4,215.10"	"4,310.60"	"4,353.80"	"4,177.70"	-2.23
3-Oct-17	"4,311.10"	"4,399.30"	"4,439.90"	"4,222.00"	-2.02
2-Oct-17	"4,400.10"	"4,404.30"	"4,482.00"	"4,359.80"	-0.1
1-Oct-17	"4,404.30"	"4,366.60"	"4,420.50"	"4,257.70"	0.85
30-Sep-17	"4,367.00"	"4,168.10"	"4,393.40"	"4,160.10"	4.73
29-Sep-17	"4,169.90"	"4,190.00"	"4,244.60"	"4,024.70"	-0.48
28-Sep-17	"4,190.00"	"4,207.50"	"4,268.60"	"4,125.00"	-0.37
27-Sep-17	"4,205.40"	"3,881.60"	"4,226.50"	"3,878.10"	8.41
26-Sep-17	"3,879.10"	"3,930.00"	"3,983.00"	"3,850.90"	-1.3
25-Sep-17	"3,930.00"	"3,654.70"	"3,977.00"	"3,654.70"	7.59
24-Sep-17	"3,652.80"	"3,779.60"	"3,781.30"	"3,620.00"	-3.35
23-Sep-17	"3,779.60"	"3,598.70"	"3,808.00"	"3,559.10"	5.03
22-Sep-17	"3,598.50"	"3,597.30"	"3,743.60"	"3,493.50"	-0.14
21-Sep-17	"3,603.40"	"3,875.50"	"3,903.70"	"3,564.40"	-6.97
20-Sep-17	"3,873.20"	"3,892.20"	"4,048.00"	"3,834.10"	-0.69
19-Sep-17	"3,900.00"	"4,084.40"	"4,110.00"	"3,836.20"	-4.51
18-Sep-17	"4,084.10"	"3,667.00"	"4,113.90"	"3,667.00"	11.4
17-Sep-17	"3,666.30"	"3,680.10"	"3,775.90"	"3,476.30"	-0.52
16-Sep-17	"3,685.40"	"3,697.10"	"3,874.00"	"3,511.10"	-0.34
15-Sep-17	"3,698.00"	"3,237.40"	"3,809.00"	"2,981.00"	14.2
14-Sep-17	"3,238.10"	"3,850.20"	"3,917.20"	"3,206.20"	-15.89
13-Sep-17	"3,849.70"	"4,149.40"	"4,159.60"	"3,734.00"	-7.08
12-Sep-17	"4,142.90"	"4,198.90"	"4,378.40"	"4,055.50"	-1.43
11-Sep-17	"4,203.00"	"4,234.90"	"4,373.10"	"4,123.00"	-0.69
10-Sep-17	"4,232.10"	"4,315.40"	"4,325.00"	"3,975.80"	-1.99
9-Sep-17	"4,317.90"	"4,304.00"	"4,381.20"	"4,159.40"	0.28
8-Sep-17	"4,305.80"	"4,613.50"	"4,686.20"	"4,107.10"	-6.67
7-Sep-17	"4,613.50"	"4,594.60"	"4,672.80"	"4,465.30"	0.53
6-Sep-17	"4,589.10"	"4,375.00"	"4,631.40"	"4,361.40"	4.9
5-Sep-17	"4,374.90"	"4,210.60"	"4,469.90"	"3,900.10"	4.15
4-Sep-17	"4,200.40"	"4,599.20"	"4,606.00"	"4,056.50"	-8.59
3-Sep-17	"4,595.00"	"4,534.20"	"4,699.80"	"4,331.00"	1.34
2-Sep-17	"4,534.40"	"4,911.80"	"4,969.00"	"4,400.50"	-7.55
1-Sep-17	"4,904.90"	"4,718.30"	"4,927.40"	"4,660.70"	3.96
31-Aug-17	"4,718.20"	"4,567.90"	"4,749.90"	"4,567.90"	3.27
30-Aug-17	"4,569.00"	"4,586.60"	"4,641.10"	"4,481.10"	-0.39
29-Aug-17	"4,587.10"	"4,385.10"	"4,644.20"	"4,336.70"	4.64
28-Aug-17	"4,383.80"	"4,330.70"	"4,395.20"	"4,175.70"	1.2
27-Aug-17	"4,331.80"	"4,340.20"	"4,405.70"	"4,305.00"	-0.23
26-Aug-17	"4,341.70"	"4,351.50"	"4,364.00"	"4,243.60"	-0.23
25-Aug-17	"4,351.50"	"4,324.10"	"4,461.20"	"4,277.40"	0.61
24-Aug-17	"4,325.20"	"4,135.00"	"4,370.80"	"4,093.00"	4.75
23-Aug-17	"4,129.10"	"4,086.90"	"4,248.60"	"4,055.90"	1.35
22-Aug-17	"4,074.00"	"3,998.90"	"4,140.00"	"3,600.00"	1.79
21-Aug-17	"4,002.50"	"4,066.30"	"4,093.50"	"3,956.40"	-1.52
20-Aug-17	"4,064.30"	"4,145.00"	"4,192.00"	"4,040.90"	-1.95
19-Aug-17	"4,145.10"	"4,088.20"	"4,184.10"	"3,920.00"	1.34
18-Aug-17	"4,090.20"	"4,269.70"	"4,359.00"	"3,957.00"	-3.99
17-Aug-17	"4,260.00"	"4,386.40"	"4,489.10"	"4,178.10"	-2.88
16-Aug-17	"4,386.30"	"4,160.00"	"4,403.60"	"3,928.10"	5.65
15-Aug-17	"4,151.90"	"4,321.00"	"4,430.00"	"3,841.90"	-3.88
14-Aug-17	"4,319.50"	"4,061.60"	"4,330.30"	"3,969.30"	6.57
13-Aug-17	"4,053.30"	"3,866.20"	"4,183.70"	"3,836.10"	4.86
12-Aug-17	"3,865.50"	"3,643.40"	"3,965.40"	"3,590.00"	6.08
11-Aug-17	"3,644.10"	"3,404.70"	"3,690.60"	"3,380.00"	6.93
10-Aug-17	"3,407.90"	"3,340.20"	"3,444.40"	"3,310.00"	2.04
9-Aug-17	"3,339.90"	"3,415.00"	"3,424.40"	"3,236.80"	-2.2
8-Aug-17	"3,415.00"	"3,395.00"	"3,482.90"	"3,343.80"	0.54
7-Aug-17	"3,396.70"	"3,232.50"	"3,440.00"	"3,190.00"	5.23
6-Aug-17	"3,227.90"	"3,255.00"	"3,309.80"	"3,156.00"	-0.88
5-Aug-17	"3,256.40"	"2,860.00"	"3,331.90"	"2,855.00"	13.86
4-Aug-17	"2,860.00"	"2,790.30"	"2,874.80"	"2,762.60"	2.5
3-Aug-17	"2,790.30"	"2,702.00"	"2,813.00"	"2,698.00"	3.27
2-Aug-17	"2,702.00"	"2,733.80"	"2,757.80"	"2,640.00"	-1.07
1-Aug-17	"2,731.20"	"2,854.30"	"2,901.60"	"2,615.80"	-4.37
31-Jul-17	"2,856.00"	"2,748.90"	"2,883.50"	"2,694.80"	3.89
30-Jul-17	"2,749.00"	"2,713.70"	"2,756.20"	"2,595.00"	1.29
29-Jul-17	"2,714.10"	"2,784.80"	"2,794.20"	"2,662.60"	-2.54
28-Jul-17	"2,784.80"	"2,664.60"	"2,819.90"	"2,655.50"	4.5
27-Jul-17	"2,664.90"	"2,527.74"	"2,682.20"	"2,511.00"	5.51
26-Jul-17	"2,525.70"	"2,560.90"	"2,612.00"	"2,404.60"	-1.37
25-Jul-17	"2,560.90"	"2,769.70"	"2,790.10"	"2,435.70"	-7.54
24-Jul-17	"2,769.70"	"2,750.10"	"2,812.00"	"2,707.30"	0.81
23-Jul-17	"2,747.50"	"2,845.70"	"2,875.70"	"2,656.20"	-3.45
22-Jul-17	"2,845.70"	"2,659.00"	"2,912.90"	"2,642.80"	6.82
21-Jul-17	"2,664.00"	"2,874.50"	"2,874.50"	"2,615.00"	-6.73
20-Jul-17	"2,856.30"	"2,253.30"	"2,919.90"	"2,253.30"	26.77
19-Jul-17	"2,253.10"	"2,302.20"	"2,399.90"	"2,214.20"	-2.13
18-Jul-17	"2,302.10"	"2,220.00"	"2,380.20"	"2,139.80"	3.74
17-Jul-17	"2,219.00"	"1,925.00"	"2,223.30"	"1,924.10"	15.28
16-Jul-17	"1,924.90"	"1,979.70"	"2,048.80"	"1,835.80"	-2.71
15-Jul-17	"1,978.60"	"2,206.50"	"2,210.10"	"1,975.70"	-10.27
14-Jul-17	"2,205.10"	"2,329.40"	"2,345.60"	"2,138.00"	-5.32
13-Jul-17	"2,329.00"	"2,375.60"	"2,400.00"	"2,293.80"	-1.91
12-Jul-17	"2,374.40"	"2,285.60"	"2,394.00"	"2,195.80"	4.04
11-Jul-17	"2,282.10"	"2,318.30"	"2,372.80"	"2,183.30"	-1.56
10-Jul-17	"2,318.30"	"2,477.90"	"2,498.10"	"2,240.00"	-6.44
9-Jul-17	"2,478.00"	"2,542.00"	"2,555.60"	"2,473.70"	-2.52
8-Jul-17	"2,542.00"	"2,479.30"	"2,542.60"	"2,436.80"	2.53
7-Jul-17	"2,479.30"	"2,593.20"	"2,598.00"	"2,447.00"	-4.39
6-Jul-17	"2,593.10"	"2,598.60"	"2,603.30"	"2,546.00"	-0.21
5-Jul-17	"2,598.50"	"2,579.90"	"2,617.60"	"2,482.50"	0.62
4-Jul-17	"2,582.60"	"2,525.90"	"2,628.00"	"2,512.40"	2.32
3-Jul-17	"2,524.00"	"2,445.10"	"2,584.00"	"2,416.20"	3.23
2-Jul-17	"2,445.00"	"2,346.20"	"2,470.00"	"2,302.00"	4.06
1-Jul-17	"2,349.50"	"2,420.60"	"2,440.90"	"2,291.00"	-2.94
30-Jun-17	"2,420.70"	"2,472.40"	"2,511.10"	"2,406.60"	-2
29-Jun-17	"2,470.10"	"2,518.20"	"2,537.00"	"2,424.10"	-1.91
28-Jun-17	"2,518.20"	"2,521.30"	"2,561.10"	"2,403.20"	-0.12
27-Jun-17	"2,521.20"	"2,393.50"	"2,524.00"	"2,208.10"	5.29
26-Jun-17	"2,394.60"	"2,480.00"	"2,510.40"	"2,258.70"	-3.35
25-Jun-17	"2,477.70"	"2,502.60"	"2,595.00"	"2,369.10"	-0.99
24-Jun-17	"2,502.60"	"2,674.90"	"2,700.00"	"2,454.10"	-6.44
23-Jun-17	"2,674.90"	"2,672.80"	"2,725.30"	"2,652.80"	0.08
22-Jun-17	"2,672.80"	"2,624.40"	"2,709.00"	"2,554.80"	1.97
21-Jun-17	"2,621.20"	"2,715.30"	"2,760.00"	"2,573.30"	-3.36
20-Jun-17	"2,712.20"	"2,585.00"	"2,779.60"	"2,568.20"	5.09
19-Jun-17	"2,580.80"	"2,494.90"	"2,592.70"	"2,481.40"	3.58
18-Jun-17	"2,491.50"	"2,610.10"	"2,635.00"	"2,421.00"	-4.54
17-Jun-17	"2,610.00"	"2,435.50"	"2,636.90"	"2,368.70"	7.1
16-Jun-17	"2,437.00"	"2,377.50"	"2,480.00"	"2,261.20"	2.51
15-Jun-17	"2,377.40"	"2,394.30"	"2,455.00"	"2,050.00"	-0.74
14-Jun-17	"2,395.04"	"2,677.10"	"2,720.00"	"2,284.40"	-10.51
13-Jun-17	"2,676.40"	"2,570.00"	"2,730.00"	"2,532.60"	4.07
12-Jun-17	"2,571.80"	"2,941.80"	"2,961.90"	"2,298.23"	-12.41
11-Jun-17	"2,936.30"	"2,806.00"	"3,000.00"	"2,793.80"	4.64
10-Jun-17	"2,806.00"	"2,809.90"	"2,890.50"	"2,750.80"	-0.11
9-Jun-17	"2,809.00"	"2,781.50"	"2,849.80"	"2,769.60"	0.97
8-Jun-17	"2,782.10"	"2,642.00"	"2,789.30"	"2,570.10"	5.28
7-Jun-17	"2,642.63"	"2,844.60"	"2,850.00"	"2,600.20"	-7.07
6-Jun-17	"2,843.60"	"2,636.90"	"2,896.50"	"2,620.00"	7.87
5-Jun-17	"2,636.20"	"2,488.20"	"2,637.50"	"2,480.00"	5.95
4-Jun-17	"2,488.20"	"2,461.60"	"2,498.00"	"2,376.40"	1.11
3-Jun-17	"2,461.00"	"2,405.90"	"2,481.00"	"2,348.00"	2.29
2-Jun-17	"2,405.88"	"2,312.00"	"2,407.80"	"2,271.90"	4.08
1-Jun-17	"2,311.60"	"2,191.83"	"2,366.70"	"2,187.40"	5.46
31-May-17	"2,191.83"	"2,147.29"	"2,240.10"	"2,002.10"	2.1
30-May-17	"2,146.70"	"2,207.40"	"2,263.10"	"2,080.40"	-2.75
29-May-17	"2,207.40"	"2,056.90"	"2,249.80"	"1,990.10"	7.33
28-May-17	"2,056.60"	"1,980.00"	"2,193.00"	"1,955.50"	4.27
27-May-17	"1,972.30"	"2,125.90"	"2,207.90"	"1,810.00"	-7.29
26-May-17	"2,127.30"	"2,268.10"	"2,477.00"	"2,008.70"	-5.54
25-May-17	"2,252.00"	"2,392.60"	"2,689.00"	"2,142.10"	-5.96
24-May-17	"2,394.80"	"2,250.00"	"2,443.80"	"2,247.70"	6.47
23-May-17	"2,249.30"	"2,087.50"	"2,262.90"	"2,060.00"	7.85
22-May-17	"2,085.50"	"2,026.50"	"2,219.90"	"1,979.20"	2.77
21-May-17	"2,029.20"	"2,059.30"	"2,099.10"	"2,001.00"	-1.48
20-May-17	"2,059.70"	"1,966.50"	"2,072.20"	"1,963.60"	4.74
19-May-17	"1,966.50"	"1,941.50"	"2,000.00"	"1,925.00"	1.29
18-May-17	"1,941.50"	"1,870.00"	"1,949.90"	"1,861.00"	3.82
17-May-17	"1,870.00"	"1,786.20"	"1,892.90"	"1,766.40"	4.72
16-May-17	"1,785.70"	"1,772.00"	"1,795.10"	"1,728.00"	0.74
15-May-17	"1,772.50"	"1,826.80"	"1,828.50"	"1,720.00"	-3.04
14-May-17	"1,828.10"	"1,820.60"	"1,852.40"	"1,780.00"	0.42
13-May-17	"1,820.40"	"1,735.00"	"1,824.00"	"1,666.00"	4.92
12-May-17	"1,735.00"	"1,853.90"	"1,864.80"	"1,700.80"	-6.41
11-May-17	"1,853.90"	"1,796.90"	"1,908.00"	"1,766.60"	3.18
10-May-17	"1,796.80"	"1,759.80"	"1,817.40"	"1,722.30"	2.09
9-May-17	"1,760.00"	"1,703.50"	"1,813.90"	"1,695.10"	3.33
8-May-17	"1,703.20"	"1,619.80"	"1,715.00"	"1,618.90"	5.14
7-May-17	"1,619.90"	"1,597.00"	"1,631.30"	"1,575.10"	1.43
6-May-17	"1,597.10"	"1,545.10"	"1,605.00"	"1,545.00"	3.37
5-May-17	"1,545.10"	"1,607.20"	"1,665.50"	"1,511.70"	-3.86
4-May-17	"1,607.10"	"1,619.40"	"1,701.90"	"1,521.10"	-0.66
3-May-17	"1,617.80"	"1,558.50"	"1,626.90"	"1,542.00"	3.71
2-May-17	"1,560.00"	"1,533.00"	"1,604.60"	"1,479.20"	1.75
1-May-17	"1,533.10"	"1,435.00"	"1,560.00"	"1,432.00"	6.82
30-Apr-17	"1,435.20"	"1,425.40"	"1,443.50"	"1,403.30"	0.81
29-Apr-17	"1,423.60"	"1,415.60"	"1,436.60"	"1,401.50"	0.57
28-Apr-17	"1,415.60"	"1,440.30"	"1,447.00"	"1,368.30"	-1.71
27-Apr-17	"1,440.30"	"1,399.30"	"1,449.70"	"1,392.50"	2.93
26-Apr-17	"1,399.30"	"1,371.00"	"1,411.70"	"1,365.10"	2.12
25-Apr-17	"1,370.30"	"1,345.00"	"1,378.50"	"1,342.10"	1.88
24-Apr-17	"1,345.00"	"1,355.30"	"1,359.60"	"1,326.90"	-0.75
23-Apr-17	"1,355.20"	"1,346.40"	"1,359.00"	"1,336.00"	0.57
22-Apr-17	"1,347.50"	"1,327.10"	"1,353.10"	"1,290.10"	1.65
21-Apr-17	"1,325.60"	"1,308.70"	"1,333.10"	"1,307.50"	1.31
20-Apr-17	"1,308.40"	"1,260.50"	"1,325.70"	"1,260.10"	3.8
19-Apr-17	"1,260.50"	"1,265.40"	"1,272.00"	"1,255.00"	-0.39
18-Apr-17	"1,265.40"	"1,240.00"	"1,274.80"	"1,237.00"	2.05
17-Apr-17	"1,240.00"	"1,212.50"	"1,247.00"	"1,202.20"	2.31
16-Apr-17	"1,212.00"	"1,193.30"	"1,217.60"	"1,190.40"	1.57
15-Apr-17	"1,193.30"	"1,206.80"	"1,215.00"	"1,190.00"	-1.12
14-Apr-17	"1,206.80"	"1,187.00"	"1,219.10"	"1,184.00"	1.67
13-Apr-17	"1,187.00"	"1,227.40"	"1,235.10"	"1,163.50"	-3.29
12-Apr-17	"1,227.40"	"1,236.90"	"1,239.00"	"1,221.00"	-0.66
11-Apr-17	"1,235.60"	"1,220.30"	"1,243.40"	"1,209.10"	1.25
10-Apr-17	"1,220.30"	"1,215.90"	"1,229.90"	"1,208.10"	0.36
9-Apr-17	"1,215.90"	"1,188.10"	"1,226.90"	"1,180.20"	2.34
8-Apr-17	"1,188.10"	"1,196.60"	"1,202.60"	"1,171.30"	-0.71
7-Apr-17	"1,196.60"	"1,191.50"	"1,208.90"	"1,176.70"	0.43
6-Apr-17	"1,191.50"	"1,140.30"	"1,206.40"	"1,140.30"	4.46
5-Apr-17	"1,140.60"	"1,145.80"	"1,146.70"	"1,112.30"	-0.38
4-Apr-17	"1,145.00"	"1,150.10"	"1,161.90"	"1,124.10"	-0.45
3-Apr-17	"1,150.20"	"1,107.80"	"1,159.90"	"1,107.80"	3.85
2-Apr-17	"1,107.60"	"1,093.50"	"1,118.20"	"1,081.00"	1.32
1-Apr-17	"1,093.20"	"1,081.30"	"1,106.90"	"1,070.20"	1.06
31-Mar-17	"1,081.70"	"1,042.10"	"1,089.40"	"1,041.00"	3.91
30-Mar-17	"1,041.00"	"1,041.70"	"1,053.50"	"1,022.20"	-0.08
29-Mar-17	"1,041.80"	"1,044.70"	"1,058.90"	"1,009.30"	-0.28
28-Mar-17	"1,044.70"	"1,042.80"	"1,066.50"	"1,016.80"	0.19
27-Mar-17	"1,042.70"	968.9	"1,046.90"	960.1	7.61
26-Mar-17	969	971.31	"1,005.50"	950.1	-0.33
25-Mar-17	972.17	942.13	980	891	3.08
24-Mar-17	943.1	"1,032.70"	"1,034.20"	928.3	-8.7
23-Mar-17	"1,033.00"	"1,039.40"	"1,055.00"	"1,018.00"	-0.59
22-Mar-17	"1,039.10"	"1,115.90"	"1,116.00"	986.3	-6.81
21-Mar-17	"1,115.00"	"1,040.40"	"1,120.90"	"1,040.10"	7.31
20-Mar-17	"1,039.00"	"1,016.50"	"1,052.10"	"1,011.20"	2.25
19-Mar-17	"1,016.10"	971.9	"1,058.90"	971	4.64
18-Mar-17	971	"1,067.80"	"1,097.10"	935.11	-9.12
17-Mar-17	"1,068.40"	"1,169.10"	"1,169.60"	"1,066.00"	-8.61
16-Mar-17	"1,169.00"	"1,256.10"	"1,259.70"	"1,132.50"	-6.93
15-Mar-17	"1,256.10"	"1,245.00"	"1,262.00"	"1,241.30"	0.89
14-Mar-17	"1,245.00"	"1,238.50"	"1,257.90"	"1,218.90"	0.52
13-Mar-17	"1,238.50"	"1,224.40"	"1,246.90"	"1,207.50"	1.09
12-Mar-17	"1,225.20"	"1,172.40"	"1,232.60"	"1,167.50"	4.47
11-Mar-17	"1,172.80"	"1,113.50"	"1,196.10"	"1,107.00"	5.32
10-Mar-17	"1,113.60"	"1,190.40"	"1,328.80"	971	-6.45
9-Mar-17	"1,190.40"	"1,150.00"	"1,207.50"	"1,136.00"	3.58
8-Mar-17	"1,149.30"	"1,232.40"	"1,243.60"	"1,142.20"	-6.74
7-Mar-17	"1,232.40"	"1,279.20"	"1,281.80"	"1,185.90"	-3.67
6-Mar-17	"1,279.30"	"1,278.40"	"1,287.80"	"1,268.60"	0.07
5-Mar-17	"1,278.40"	"1,267.80"	"1,279.80"	"1,245.30"	0.84
4-Mar-17	"1,267.80"	"1,289.10"	"1,291.80"	"1,240.10"	-1.58
3-Mar-17	"1,288.20"	"1,257.60"	"1,294.70"	"1,256.60"	2.05
2-Mar-17	"1,262.30"	"1,232.90"	"1,283.10"	"1,213.00"	2.39
1-Mar-17	"1,232.80"	"1,189.10"	"1,233.50"	"1,186.00"	3.68
28-Feb-17	"1,189.10"	"1,196.00"	"1,216.00"	"1,177.80"	-0.54
27-Feb-17	"1,195.50"	"1,178.30"	"1,202.60"	"1,171.00"	1.46
26-Feb-17	"1,178.30"	"1,153.00"	"1,185.90"	"1,130.90"	2.19
25-Feb-17	"1,153.00"	"1,185.40"	"1,189.90"	"1,131.50"	-2.71
24-Feb-17	"1,185.10"	"1,189.90"	"1,222.20"	"1,111.10"	-0.49
23-Feb-17	"1,190.90"	"1,125.50"	"1,196.90"	"1,120.40"	5.83
22-Feb-17	"1,125.30"	"1,129.60"	"1,140.00"	"1,106.40"	-0.38
21-Feb-17	"1,129.60"	"1,091.30"	"1,134.00"	"1,085.00"	3.52
20-Feb-17	"1,091.20"	"1,056.20"	"1,100.30"	"1,044.10"	3.31
19-Feb-17	"1,056.20"	"1,059.80"	"1,066.00"	"1,045.00"	-0.34
18-Feb-17	"1,059.80"	"1,056.20"	"1,071.10"	"1,053.10"	0.34
17-Feb-17	"1,056.20"	"1,038.50"	"1,065.80"	"1,034.10"	1.71
16-Feb-17	"1,038.40"	"1,013.90"	"1,045.70"	"1,013.90"	2.43
15-Feb-17	"1,013.80"	"1,013.30"	"1,017.30"	"1,002.40"	0.01
14-Feb-17	"1,013.70"	996.52	"1,019.00"	988.88	1.73
13-Feb-17	996.5	996	"1,004.50"	975.9	0.05
12-Feb-17	996.01	"1,000.10"	"1,005.40"	992.33	-0.43
11-Feb-17	"1,000.30"	992.1	"1,009.00"	984.19	0.84
10-Feb-17	992	984.97	"1,002.00"	949.39	0.71
9-Feb-17	984.97	"1,049.00"	"1,078.00"	936.41	-6.09
8-Feb-17	"1,048.80"	"1,052.50"	"1,068.00"	"1,013.20"	-0.31
7-Feb-17	"1,052.10"	"1,022.60"	"1,056.30"	"1,021.70"	2.88
6-Feb-17	"1,022.60"	"1,006.60"	"1,026.20"	"1,006.00"	1.59
5-Feb-17	"1,006.60"	"1,031.10"	"1,033.00"	996.35	-2.38
4-Feb-17	"1,031.10"	"1,016.80"	"1,040.00"	"1,001.60"	1.52
3-Feb-17	"1,015.70"	"1,007.00"	"1,020.50"	988.34	0.99
2-Feb-17	"1,005.70"	983.73	"1,010.50"	970.11	2.23
1-Feb-17	983.73	966.19	984.99	960.1	1.82
31-Jan-17	966.19	917.36	969.38	916.75	5.32
30-Jan-17	917.36	912.55	920.79	910.01	0.53
29-Jan-17	912.56	919.43	922.99	910.72	-0.75
28-Jan-17	919.43	916.7	923.98	915.01	0.3
27-Jan-17	916.7	915.12	922.16	905.05	0.17
26-Jan-17	915.12	893.35	917.64	893.35	2.44
25-Jan-17	893.35	886.1	899.61	884.2	0.82
24-Jan-17	886.1	908.41	927	884.2	-2.63
23-Jan-17	910.03	923.72	928.82	910.03	-1.48
22-Jan-17	923.72	924.02	939.73	892	-0.03
21-Jan-17	924.02	895.74	931.01	893.89	3.13
20-Jan-17	895.96	900.29	904.5	883.34	-0.48
19-Jan-17	900.29	887.6	908.2	884.57	1.41
18-Jan-17	887.76	903.99	913.85	847.3	-1.8
17-Jan-17	903.99	830.1	910.77	828	8.9
16-Jan-17	830.1	820.74	837.89	814.79	1.14
15-Jan-17	820.74	815.3	822.98	805.13	0.67
14-Jan-17	815.3	828.12	838.54	800.71	-1.55
13-Jan-17	828.12	804.58	832.29	776	2.93
12-Jan-17	804.58	779.54	831.16	738.66	3.34
11-Jan-17	778.58	905.76	922.63	760	-14.04
10-Jan-17	905.76	903	917.88	895.5	0.31
9-Jan-17	903	915.9	916.1	876.3	-1.41
8-Jan-17	915.9	908.84	942.5	890	0.78
7-Jan-17	908.84	898.5	911	816.1	1.21
6-Jan-17	898	"1,003.80"	"1,025.00"	871	-10.49
5-Jan-17	"1,003.20"	"1,139.80"	"1,166.00"	865.38	-11.97
4-Jan-17	"1,139.60"	"1,037.50"	"1,150.00"	"1,036.40"	9.84
3-Jan-17	"1,037.50"	"1,019.30"	"1,038.70"	"1,013.50"	1.79
2-Jan-17	"1,019.30"	999.24	"1,034.80"	997.3	2.03
1-Jan-17	998.99	966.58	"1,006.50"	961.26	3.35
31-Dec-16	966.58	959.16	968	945.01	0.76
30-Dec-16	959.26	974.74	974.74	929.75	-1.37
29-Dec-16	972.63	981.7	983	948.99	-0.92
28-Dec-16	981.7	936.43	983	936.38	4.85
27-Dec-16	936.32	906.4	940	903.51	3.3
26-Dec-16	906.4	898	919.99	894.21	0.94
25-Dec-16	897.99	895.24	901.48	858.63	0.31
24-Dec-16	895.24	918.99	919.85	882.79	-2.58
23-Dec-16	918.99	859.2	920	859	6.96
22-Dec-16	859.2	829.34	873.86	825	3.52
21-Dec-16	829.99	798.77	830.5	794.99	4.01
20-Dec-16	797.99	790.59	802.33	788.01	0.94
19-Dec-16	790.59	790.21	792.21	787.96	0.05
18-Dec-16	790.21	790.99	792.8	784.39	-0.1
17-Dec-16	790.99	784.17	793	784.17	0.87
16-Dec-16	784.17	777.43	785.03	775.86	0.87
15-Dec-16	777.43	774.49	780.11	774.49	0.38
14-Dec-16	774.49	775	781.16	771.17	-0.07
13-Dec-16	775	777.99	788.86	763.7	-0.38
12-Dec-16	777.99	770.21	784.1	770.21	1.01
11-Dec-16	770.21	772.9	773.73	761.84	-0.35
10-Dec-16	772.9	770.5	777.77	769.99	0.31
9-Dec-16	770.5	765.01	772.72	765	0.72
8-Dec-16	765.01	765.01	773.2	762.66	0
7-Dec-16	765.01	757.18	772.15	749.11	1.01
6-Dec-16	757.36	750.62	758.5	750.44	0.9
5-Dec-16	750.62	768.5	768.99	744.59	-2.33
4-Dec-16	768.5	765.46	769.99	760.9	0.42
3-Dec-16	765.27	774.88	774.88	755.99	-1.24
2-Dec-16	774.91	755.36	779.21	755.15	2.59
1-Dec-16	755.36	739	756	738.8	2.21
30-Nov-16	739	731.05	743.14	729.13	1.09
29-Nov-16	731.05	731.52	733.93	728.68	-0.06
28-Nov-16	731.52	724.9	734.99	724.9	0.9
27-Nov-16	724.99	731.19	736.19	722.5	-0.85
26-Nov-16	731.19	740.36	740.99	720	-1.24
25-Nov-16	740.36	737.68	741.12	730	0.36
24-Nov-16	737.68	742	744.32	727.61	-0.58
23-Nov-16	741.99	749.85	750.91	730.79	-1.07
22-Nov-16	750.05	738.99	753.91	733.27	1.5
21-Nov-16	738.99	729.67	740.6	728.08	1.28
20-Nov-16	729.67	752.9	757	712.02	-3.09
19-Nov-16	752.9	753.97	759.99	740.01	-0.14
18-Nov-16	753.97	740.67	756.94	734.5	1.8
17-Nov-16	740.67	744.98	762.41	735	-0.58
16-Nov-16	744.99	712.17	747.49	710.13	4.61
15-Nov-16	712.17	707.43	720.01	707.4	0.67
14-Nov-16	707.43	708.13	709	699	0.47
31-Oct-16	704.09	702.55	706	688	0.22
30-Oct-16	702.55	714.51	716.61	697.77	-1.67
29-Oct-16	714.51	693.47	723.99	692.28	3.03
28-Oct-16	693.47	688.67	695.02	681.59	0.7
27-Oct-16	688.67	678.7	690.62	676.69	1.47
26-Oct-16	678.7	659.52	685.61	658.46	2.91
25-Oct-16	659.52	654.65	670	652.65	0.74
24-Oct-16	654.65	659.03	659.03	654.01	-0.66
23-Oct-16	659.03	664.99	671.4	656.04	-0.9
22-Oct-16	664.99	636.73	670.98	635.06	4.44
21-Oct-16	636.73	632.46	639	632	0.68
20-Oct-16	632.46	631.77	633.61	628	0.11
19-Oct-16	631.77	638.68	643.9	627.84	-1.1
18-Oct-16	638.8	639.79	641.65	632.93	-0.15
17-Oct-16	639.79	644.18	644.56	637.77	-0.68
16-Oct-16	644.17	640.2	645.8	639.82	0.62
15-Oct-16	640.2	643	645.69	637.91	-0.44
14-Oct-16	643	637.01	645.4	636.72	0.94
13-Oct-16	637.01	637.63	643.67	636.38	-0.1
12-Oct-16	637.63	641.87	644.07	637.26	-0.64
11-Oct-16	641.74	618.87	645.98	618.06	3.7
10-Oct-16	618.87	616.56	620	615.91	0.37
9-Oct-16	616.56	620.5	620.91	614.43	-0.63
8-Oct-16	620.5	620.13	622.87	617.91	0.06
7-Oct-16	620.13	613.51	621.17	613	1.08
6-Oct-16	613.51	614.09	615.9	612.68	-0.09
5-Oct-16	614.09	610.71	617.28	610	0.51
4-Oct-16	610.98	612.67	614	609.63	-0.26
3-Oct-16	612.57	609.09	613.22	608.93	0.57
2-Oct-16	609.09	614.09	614.21	607.01	-0.81
1-Oct-16	614.09	611.1	616.87	611.1	0.49
30-Sep-16	611.1	604.6	612.92	604.25	1.08
29-Sep-16	604.6	603.76	607.77	603.18	0.14
28-Sep-16	603.76	605.53	605.77	603.13	-0.29
27-Sep-16	605.53	609.14	609.91	602.01	-0.59
26-Sep-16	609.14	600.36	610	599.88	1.46
25-Sep-16	600.36	602.55	603.6	597.63	-0.36
24-Sep-16	602.55	603.29	605.8	601.49	-0.12
23-Sep-16	603.29	597.08	603.99	595.95	1.04
22-Sep-16	597.08	597.43	598.7	596	-0.06
21-Sep-16	597.43	600.13	600.13	592.7	-0.44
20-Sep-16	600.05	609.79	612.01	600.05	-1.6
19-Sep-16	609.79	613.03	615.05	608.92	-0.53
18-Sep-16	613.03	607.69	615.86	607.37	0.88
17-Sep-16	607.69	610.01	610.56	605	-0.38
16-Sep-16	610.01	611.81	614.22	609.54	-0.29
15-Sep-16	611.81	613.88	617.3	611	-0.34
14-Sep-16	613.88	614.23	617.38	612.01	-0.06
13-Sep-16	614.23	611.62	618	610	0.43
12-Sep-16	611.62	612.08	615.21	608.14	-0.08
11-Sep-16	612.08	628	635	598	-2.54
10-Sep-16	628	626.25	629.65	624.9	0.28
9-Sep-16	626.25	631.73	633.45	621.26	-0.87
8-Sep-16	631.73	619.75	636.16	617.78	1.93
7-Sep-16	619.75	615.06	620.63	610.85	0.73
6-Sep-16	615.23	611.5	616.7	609.77	0.61
5-Sep-16	611.5	614.52	615.67	605.7	-0.49
4-Sep-16	614.52	609.89	618.65	604.6	0.76
3-Sep-16	609.89	579.85	612.43	576.04	5.18
2-Sep-16	579.85	572.73	581.07	570.61	1.24
1-Sep-16	572.73	576.15	577.98	571.5	-0.59
31-Aug-16	576.15	579.49	579.49	572.74	-0.58
30-Aug-16	579.49	574.78	580.15	574.17	0.82
29-Aug-16	574.78	574.17	577.99	573.02	0.11
28-Aug-16	574.17	568.55	574.37	568.3	0.99
27-Aug-16	568.55	578.02	578.9	567.23	-1.64
26-Aug-16	578.01	577.2	579.5	575.06	0.14
25-Aug-16	577.2	580.32	581.14	574.01	-0.54
24-Aug-16	580.32	583.54	586.88	580	-0.55
23-Aug-16	583.54	588.01	590.69	581.12	-0.76
22-Aug-16	588.01	581.42	589.99	581.42	1.13
21-Aug-16	581.42	582.1	584.16	580.01	-0.1
20-Aug-16	582.01	573.51	582.75	571.25	1.48
19-Aug-16	573.5	572.33	577.17	570.82	0.23
18-Aug-16	572.21	571.83	578.02	569.71	0.07
17-Aug-16	571.83	574.17	577.94	569.01	-0.42
16-Aug-16	574.24	564.64	579	564	1.7
15-Aug-16	564.64	569.41	574.02	562.99	-0.84
14-Aug-16	569.44	583.73	583.73	564	-2.45
13-Aug-16	583.73	585.5	590.02	582.06	-0.3
12-Aug-16	585.5	591.27	593	584	-0.98
11-Aug-16	591.27	590.5	599	587.75	0.17
10-Aug-16	590.28	604.1	614.5	579	-2.29
9-Aug-16	604.1	604.1	604.1	604.1	0
8-Aug-16	604.1	604.1	604.1	604.1	0
7-Aug-16	604.1	604.1	604.1	604.1	0
6-Aug-16	0	0	0	0	0
5-Aug-16	0	0	0	0	0
4-Aug-16	0	0	0	0	0
3-Aug-16	0	0	0	0	-100
2-Aug-16	604	608.29	615.26	595	-0.66
1-Aug-16	607.99	622.7	627.32	605.01	-2.51
31-Jul-16	623.67	654.99	655.12	621.26	-4.78
30-Jul-16	654.99	658.34	660.45	651.85	-0.51
29-Jul-16	658.34	656.97	660.44	654.54	0.59
27-Jul-16	654.51	648.47	657.06	646.6	0.93
26-Jul-16	648.47	654.17	657.59	640.59	-0.87
25-Jul-16	654.17	661.82	664.39	650	-1.16
24-Jul-16	661.82	654.03	664.1	650.52	1.19
23-Jul-16	654.03	648.04	657.1	644.98	0.92
22-Jul-16	648.04	665.01	668	639.97	-2.55
21-Jul-16	665.01	665.85	668	657.58	-0.13
20-Jul-16	665.85	675	676	661.26	-1.36
19-Jul-16	675	674.3	676.64	666.32	0.1
18-Jul-16	674.3	683.2	686	666.46	-1.3
17-Jul-16	683.2	665.33	689.69	663.61	2.69
16-Jul-16	665.33	665.5	669.59	659.13	-0.03
15-Jul-16	665.5	659.78	669.56	658.16	0.87
14-Jul-16	659.78	653.7	666	649.97	0.93
13-Jul-16	653.7	667.07	669.87	652.52	-2.02
12-Jul-16	667.19	647.95	678.01	645.6	2.97
11-Jul-16	647.95	649.72	662.54	643.4	-0.27
10-Jul-16	649.72	648.12	651.47	636.92	0.25
9-Jul-16	648.11	664.8	664.8	623.99	-2.51
8-Jul-16	664.8	640.51	666.6	633.97	3.79
7-Jul-16	640.51	677.36	682	610.1	-5.4
6-Jul-16	677.04	667.8	682.62	667	1.39
5-Jul-16	667.76	681.34	682.7	659.25	-1.99
4-Jul-16	681.34	659.29	684.2	644.46	3.34
3-Jul-16	659.29	705.99	706.98	644.4	-6.49
2-Jul-16	705.04	674.75	705.35	673.36	4.49
1-Jul-16	674.75	674.74	690.58	667.62	0
30-Jun-16	674.74	639.97	677.46	635.57	5.48
29-Jun-16	639.68	646.61	646.61	621.95	-1.02
28-Jun-16	646.3	662.2	664.25	632.95	-2.4
27-Jun-16	662.2	627.42	662.2	617.29	5.54
26-Jun-16	627.42	664.87	667.88	614.33	-5.63
25-Jun-16	664.87	665.5	698	642.82	-0.18
24-Jun-16	666.05	625.8	679.95	625.79	6.43
23-Jun-16	625.8	605.58	638.22	555.58	3.26
22-Jun-16	606.02	669	688.2	588.89	-9.4
21-Jun-16	668.88	705.79	715.78	668.88	-10.08
20-Jun-16	743.9	767.3	767.7	724.29	-3.05
19-Jun-16	767.3	757.6	771.91	740	1.28
18-Jun-16	757.6	748.66	789.71	721.56	1.19
17-Jun-16	748.66	769.45	779.98	703.12	-2.7
16-Jun-16	769.45	696.99	778.5	696.99	10.41
15-Jun-16	696.88	684.51	699.13	669.21	1.81
14-Jun-16	684.51	705.87	705.88	656.51	-3.03
13-Jun-16	705.88	671.99	718.99	659.94	5.2
12-Jun-16	671	614.62	685	606.98	9.19
11-Jun-16	614.52	580.08	615	579.29	5.94
10-Jun-16	580.08	575.52	582.42	572.5	0.79
9-Jun-16	575.52	583.05	583.65	570	-1.29
8-Jun-16	583.05	576.88	585	571.11	1.07
7-Jun-16	576.88	585.22	592.08	561.3	-1.43
6-Jun-16	585.22	574.01	588.5	574	1.95
5-Jun-16	574	572.87	586.01	565.23	0.23
4-Jun-16	572.67	570.87	593.67	561.5	0.32
3-Jun-16	570.87	538.8	579	535.78	5.95
2-Jun-16	538.8	536.79	543.74	532.38	0.37
1-Jun-16	536.79	530.69	546.12	523.8	1.15
31-May-16	530.69	532.89	546.5	518	-0.41
30-May-16	532.89	531	548.37	521.11	0.36
29-May-16	531	527	567	512.5	0.76
28-May-16	527.01	472	541.01	471	11.65
27-May-16	472.03	453.95	482.28	453.58	3.98
26-May-16	453.95	449.09	454.7	446.01	1.09
25-May-16	449.06	445.03	450.36	443	0.91
24-May-16	445.03	443.51	447.83	442.39	0.31
23-May-16	443.66	437.48	444.4	436.52	1.41
22-May-16	437.48	440.81	440.99	435.1	-0.76
21-May-16	440.81	441.57	442.16	436.98	-0.17
20-May-16	441.57	434.55	443.14	433.01	1.51
19-May-16	435	453.52	454.7	433.01	-4.08
18-May-16	453.51	453.24	456.89	451.53	0.06
17-May-16	453.24	453	454.91	451.03	0.05
16-May-16	453	457.89	458.95	451.01	-1.07
15-May-16	457.89	455.8	460.67	454.71	0.46
14-May-16	455.8	455.76	458.5	454.1	0.01
13-May-16	455.77	455.01	457.49	452	0.17
12-May-16	455	452.28	456.1	445.94	0.6
11-May-16	452.28	450.7	454.67	450.05	0.35
10-May-16	450.7	461.56	464	446.17	-2.35
9-May-16	461.56	459.87	465.4	457.8	0.37
8-May-16	459.87	460.2	461.62	456.04	-0.07
7-May-16	460.2	461.18	463.03	458.3	-0.21
6-May-16	461.18	448.4	465	448	2.85
5-May-16	448.4	447.38	450.43	446.15	0.23
4-May-16	447.38	450.39	450.98	445.08	-0.67
3-May-16	450.39	443.73	452	440.1	1.5
2-May-16	443.73	451.12	452.5	436.01	-1.64
1-May-16	451.11	446.6	452.95	445.69	1.01
30-Apr-16	446.6	455.32	455.98	445.07	-1.92
29-Apr-16	455.32	450.46	457.38	445.8	1.08
28-Apr-16	450.46	444.85	450.83	435.01	1.21
27-Apr-16	445.09	468.14	469.72	443.42	-4.92
26-Apr-16	468.14	461.77	471.99	461.77	1.38
25-Apr-16	461.77	463.02	471.58	455	-0.27
24-Apr-16	463.01	453.69	464.98	450.2	2.05
23-Apr-16	453.69	447.8	454.6	445.67	1.32
22-Apr-16	447.8	452.26	453.15	444.55	-0.94
21-Apr-16	452.03	443.93	454.5	442.27	1.82
20-Apr-16	443.95	437.81	446.49	436.6	1.41
19-Apr-16	437.76	430.03	439	428.55	1.8
18-Apr-16	430.04	428.51	430.91	426.52	0.36
17-Apr-16	428.51	432.52	433.49	426.37	-0.82
16-Apr-16	432.04	431.48	435.67	430.47	0.13
15-Apr-16	431.48	426.01	432.43	426.01	1.28
14-Apr-16	426.01	424.75	426.44	424.02	0.3
13-Apr-16	424.75	426.59	427.68	423	-0.43
12-Apr-16	426.59	423.74	430	423.7	0.67
11-Apr-16	423.74	421.32	423.88	418.8	0.57
10-Apr-16	421.32	418.47	422.82	417.49	0.68
9-Apr-16	418.47	418.5	418.76	412	-0.01
8-Apr-16	418.5	422.28	424.48	415.5	-0.9
7-Apr-16	422.28	422.57	422.86	417.78	-0.07
6-Apr-16	422.57	423.75	424.48	421.69	-0.28
5-Apr-16	423.75	420.46	424.57	419.61	0.78
4-Apr-16	420.46	420.6	421.2	416.25	-0.03
3-Apr-16	420.6	420.3	421.73	417.56	0.07
2-Apr-16	420.3	417.9	422.8	417.53	0.66
1-Apr-16	417.56	416.02	417.6	414	0.37
31-Mar-16	416.02	413.2	418.25	413.04	0.68
30-Mar-16	413.2	416	416	408.58	-0.63
29-Mar-16	415.81	424.06	426.41	407.5	-1.95
28-Mar-16	424.06	427.37	427.98	422.4	-0.77
27-Mar-16	427.37	416.71	430.95	415.79	2.56
26-Mar-16	416.71	416	418.74	414.51	0.17
25-Mar-16	416	415.3	417.03	413.03	0.17
24-Mar-16	415.3	418.12	418.12	414	-0.67
23-Mar-16	418.12	417.7	419.72	415.83	0.1
22-Mar-16	417.69	411.88	418.68	409.88	1.41
21-Mar-16	411.88	411.25	412.14	406	0.15
20-Mar-16	411.25	408.41	412.97	407.92	0.7
19-Mar-16	408.41	407.7	410.73	404	0.17
18-Mar-16	407.7	418.75	418.86	403.01	-2.64
17-Mar-16	418.75	417.28	420.6	416.67	0.35
16-Mar-16	417.28	415.5	418	413.96	0.43
15-Mar-16	415.5	415.91	418.81	412.78	-0.12
14-Mar-16	415.99	411.87	417.85	411.83	1.01
13-Mar-16	411.82	410.01	416	410	0.44
12-Mar-16	410.01	420.47	421.81	406.46	-2.49
11-Mar-16	420.49	416.51	423.6	415.5	0.96
10-Mar-16	416.51	413.05	417.17	410.7	0.86
9-Mar-16	412.94	411.35	414.5	407.76	0.39
8-Mar-16	411.35	412.62	415.9	406	-0.33
7-Mar-16	412.7	403.75	415.3	401.6	2.18
6-Mar-16	403.91	397.36	409.5	392.02	1.65
5-Mar-16	397.36	408.82	410.14	389.74	-2.8
4-Mar-16	408.82	420.56	423.99	407.66	-2.79
3-Mar-16	420.56	422.09	424.43	416.4	-0.39
2-Mar-16	422.22	434.82	436.31	421.12	-2.9
1-Mar-16	434.82	439.16	442.79	428.5	-0.99
29-Feb-16	439.16	434.45	444.79	430.51	1.08
28-Feb-16	434.47	434.21	437.77	422.1	0.06
27-Feb-16	434.21	435.49	437.97	431.81	-0.25
26-Feb-16	435.31	424.88	435.31	419.97	2.45
25-Feb-16	424.88	426.36	429.95	419.5	-0.35
24-Feb-16	426.36	421.4	427.48	410.69	1.24
23-Feb-16	421.13	440.25	442.64	416.27	-4.35
22-Feb-16	440.27	440.49	442.48	433.44	-0.05
21-Feb-16	440.48	438.7	451.24	428.26	0.41
20-Feb-16	438.7	419.77	445.02	419.72	4.45
19-Feb-16	419.99	421.5	422.54	412	-0.36
18-Feb-16	421.5	414.88	426.01	413.08	1.6
17-Feb-16	414.86	407.27	421.74	405.32	1.86
16-Feb-16	407.27	399.9	408.76	398.66	1.84
15-Feb-16	399.9	408.3	412.5	395.35	-2.06
14-Feb-16	408.3	392.99	408.66	392.97	3.9
13-Feb-16	392.99	382.94	393	382.56	2.61
12-Feb-16	382.98	377.99	383.53	377.09	1.32
11-Feb-16	378	380.9	383	372.25	-0.76
10-Feb-16	380.89	374.31	386.52	373.13	1.85
9-Feb-16	373.97	370.49	377.6	370.28	0.94
8-Feb-16	370.49	372.01	376.74	369.1	-0.41
7-Feb-16	372.01	373.71	377.78	369.2	-0.47
6-Feb-16	373.75	386.54	386.54	366.44	-3.31
5-Feb-16	386.54	389.8	392.57	384.5	-0.84
4-Feb-16	389.8	368.98	393.89	368.65	5.64
3-Feb-16	368.98	372.9	373.97	366	-1.05
2-Feb-16	372.9	371.42	374.75	369.9	0.4
1-Feb-16	371.42	365.52	378.96	363.26	1.62
31-Jan-16	365.5	376.96	378.9	362.57	-3.04
30-Jan-16	376.96	377.62	380.5	374	-0.18
29-Jan-16	377.63	378.39	385.31	360.23	-0.2
28-Jan-16	378.39	394.7	395.48	375.61	-4.2
27-Jan-16	394.97	391.32	396.99	389.66	0.93
26-Jan-16	391.32	390.96	398	387.48	0.09
25-Jan-16	390.98	402.77	402.77	384	-2.93
24-Jan-16	402.77	385.57	407.02	385.1	4.46
23-Jan-16	385.57	380.96	394	379.85	1.21
22-Jan-16	380.96	411	411.19	371.33	-7.31
21-Jan-16	411	419.55	424.57	405.02	-2.01
20-Jan-16	419.41	378.93	427.98	375.01	10.67
19-Jan-16	378.96	387.04	388.35	377.44	-2.09
18-Jan-16	387.04	382.02	389.43	375.11	1.3
17-Jan-16	382.07	388.44	392.79	378.82	-1.63
16-Jan-16	388.42	359.02	392.4	353.21	8.24
15-Jan-16	358.85	429.25	429.43	358	-16.4
14-Jan-16	429.25	431.08	434.91	426.03	-0.42
13-Jan-16	431.08	432.04	436.36	416.37	-0.22
12-Jan-16	432.05	449.26	449.63	429.34	-3.83
11-Jan-16	449.26	449.35	452.47	443.59	-0.02
10-Jan-16	449.35	449.23	450.26	441.01	0.03
9-Jan-16	449.23	454	456.01	447.46	-1.05
8-Jan-16	454	458.78	465	446.75	-1.1
7-Jan-16	459.05	428.89	461.89	427.11	7.26
6-Jan-16	427.99	431.84	432.17	425.03	-0.89
5-Jan-16	431.84	432.9	434.91	428.22	-0.24
4-Jan-16	432.9	428.64	435.67	426.97	0.99
3-Jan-16	428.66	432.7	433.07	422	-0.93
2-Jan-16	432.7	433.98	435.79	430	-0.29
1-Jan-16	433.98	429.02	436.49	426.26	1.16
31-Dec-15	429.02	424.7	432.57	412.53	1.02
30-Dec-15	424.7	431.79	434	420	-1.66
29-Dec-15	431.85	420.11	432.2	418.03	2.76
28-Dec-15	420.24	422.32	429	417.02	-0.5
27-Dec-15	422.37	416.51	424.89	407	1.41
26-Dec-15	416.51	455.47	459.31	405.55	-8.55
25-Dec-15	455.47	456.13	459.99	445.86	-0.14
24-Dec-15	456.13	442.62	459.05	442.45	3.05
23-Dec-15	442.62	435.65	445.76	434.61	1.6
22-Dec-15	435.65	437.52	443.62	433.45	-0.52
21-Dec-15	437.93	442.62	445.9	424.89	-1.06
20-Dec-15	442.62	462.44	462.7	431.75	-4.29
19-Dec-15	462.46	463.52	466.99	452.81	-0.23
18-Dec-15	463.52	455.57	466.6	452.01	1.68
17-Dec-15	455.84	454.95	458.5	446.29	0.2
16-Dec-15	454.95	466.01	467	440.02	-2.48
15-Dec-15	466.5	442.59	466.98	442.51	5.4
14-Dec-15	442.59	432.51	448.15	427.62	2.21
13-Dec-15	433	435.61	443.81	418.3	-0.61
12-Dec-15	435.67	457	475	404.39	-4.52
11-Dec-15	456.28	414.94	457	414.8	9.96
10-Dec-15	414.94	418.73	421	411.2	-0.91
9-Dec-15	418.73	422	426.05	406.5	-0.49
8-Dec-15	420.78	396.7	421.44	388.39	6.07
7-Dec-15	396.7	390.6	403.81	384.86	1.56
6-Dec-15	390.6	390.01	406.77	386.01	0.15
5-Dec-15	390	363.17	394	362.24	7.39
4-Dec-15	363.17	360.53	364.37	354.31	0.68
3-Dec-15	360.73	359.12	371.1	352.86	0.44
2-Dec-15	359.14	362.68	363.13	346.16	-0.98
1-Dec-15	362.68	376.88	379.99	353.24	-3.77
30-Nov-15	376.88	373.89	384.51	369.97	0.96
29-Nov-15	373.29	358.6	376	355.62	4.06
28-Nov-15	358.71	358.9	362.12	351.16	-0.05
27-Nov-15	358.9	354	366.7	348.18	1.39
26-Nov-15	353.99	329.85	369.08	329.35	7.32
25-Nov-15	329.85	320.1	331.03	316.05	3.05
24-Nov-15	320.1	323.63	323.76	315.84	-1.09
23-Nov-15	323.63	324.67	327.01	320.91	-0.32
22-Nov-15	324.66	327.84	327.85	320.36	-0.88
21-Nov-15	327.55	322.2	329.03	318.95	1.66
20-Nov-15	322.2	326.49	326.77	309.46	-1.32
19-Nov-15	326.5	335.94	336.39	324.45	-2.81
18-Nov-15	335.95	336.29	338.8	328.1	-0.1
17-Nov-15	336.29	332.1	342.5	331.05	1.25
16-Nov-15	332.14	320.52	335	315.22	3.45
15-Nov-15	321.07	333.37	336.39	315	-3.7
14-Nov-15	333.4	338.53	340.72	329	-1.52
13-Nov-15	338.54	337.61	343.57	326.22	0.59
12-Nov-15	336.57	314.25	346.2	314.14	7.19
11-Nov-15	314	340.2	343.6	300.78	-7.7
10-Nov-15	340.2	381.1	383.4	327.02	-10.71
9-Nov-15	381.01	374.11	388.84	360.9	1.87
8-Nov-15	374	384.87	390.32	365.74	-2.76
7-Nov-15	384.61	375.56	392.23	371.74	2.41
6-Nov-15	375.56	387.94	396.7	351.5	-3.2
5-Nov-15	387.96	409.23	449.12	371	-5.2
4-Nov-15	409.24	405	503.39	366.66	0.97
3-Nov-15	405.29	365.33	423.88	361.88	11.04
2-Nov-15	365	330.23	372.48	326.8	10.38
1-Nov-15	330.69	316	333.49	313.6	4.65
31-Oct-15	316	328.2	335.43	307.2	-3.71
30-Oct-15	328.19	314.88	336	313.82	4.23
29-Oct-15	314.88	304.5	321.15	301.51	3.41
28-Oct-15	304.5	295.29	307.99	295.29	3.16
27-Oct-15	295.17	287.22	298.68	287.11	2.77
26-Oct-15	287.22	284.7	287.86	282.25	0.85
25-Oct-15	284.79	284.19	295.99	281.2	0.21
24-Oct-15	284.19	279.21	284.47	279	1.78
23-Oct-15	279.21	275.83	280.9	275.15	1.23
22-Oct-15	275.83	267.8	279.96	267.3	3
21-Oct-15	267.8	270.99	272.27	264.12	-1.17
20-Oct-15	270.97	265.1	273.9	264.46	2.23
19-Oct-15	265.05	265.01	268.28	262.39	0
18-Oct-15	265.04	272.9	274.65	263.32	-2.89
17-Oct-15	272.94	263.45	275.12	258.32	3.59
16-Oct-15	263.47	255.19	267.83	254.92	3.24
15-Oct-15	255.19	253.5	257.49	253.44	0.65
14-Oct-15	253.54	251.25	255.93	250.1	0.91
13-Oct-15	251.25	246.17	253.4	244.08	2.1
12-Oct-15	246.09	247.99	248.45	245.37	-0.74
11-Oct-15	247.92	246.01	248.71	244.83	0.78
10-Oct-15	246.01	244.82	246.4	243.56	0.49
9-Oct-15	244.82	243	245.45	242.63	0.76
8-Oct-15	242.97	244	245.63	242.62	-0.5
7-Oct-15	244.2	247.36	247.93	243.5	-1.28
6-Oct-15	247.36	242	249.01	241.51	2.21
5-Oct-15	242.01	239.5	242.67	237.21	1.05
4-Oct-15	239.5	239.79	240.93	239.3	-0.12
3-Oct-15	239.79	237.86	241.11	237.68	0.81
2-Oct-15	237.86	238.48	240	237.33	-0.26
1-Oct-15	238.48	236.49	240.09	236.2	0.84
30-Sep-15	236.49	236.8	238.78	235.12	-0.13
29-Sep-15	236.8	240.43	241.5	236.61	-1.51
28-Sep-15	240.43	233.37	241.42	233.37	3.03
27-Sep-15	233.37	234.63	234.78	233.06	-0.54
26-Sep-15	234.63	235.26	235.91	233.8	-0.27
25-Sep-15	235.26	234.65	237.64	233.05	0.26
24-Sep-15	234.65	230.54	236.25	230.54	1.78
23-Sep-15	230.54	231.11	232.98	230.03	-0.32
22-Sep-15	231.27	227.22	233.25	224.49	1.78
21-Sep-15	227.22	232.12	232.96	226.38	-2.11
20-Sep-15	232.12	232.09	233.22	231.4	0.01
19-Sep-15	232.09	233.78	234.18	231.43	-0.72
18-Sep-15	233.78	233.61	236.2	232.53	0.07
17-Sep-15	233.61	228.99	235.7	228.99	2.02
16-Sep-15	228.99	230.93	232.12	227.35	-0.84
15-Sep-15	230.93	230.89	232.93	229.51	0.02
14-Sep-15	230.89	230.96	233.78	228.41	-0.03
13-Sep-15	230.96	235.77	236.85	228.95	-2.04
12-Sep-15	235.77	240.6	241	235.33	-2.01
11-Sep-15	240.6	239.49	242.87	239.4	0.46
10-Sep-15	239.49	238.95	241.9	237.01	0.23
9-Sep-15	238.95	244.2	245.57	238.5	-2.15
8-Sep-15	244.2	240.85	247.68	240.27	1.39
7-Sep-15	240.85	240.97	243	239.03	-0.05
6-Sep-15	240.97	235.84	246.54	235.5	2.18
5-Sep-15	235.84	230.89	239.71	230.01	2.14
4-Sep-15	230.89	227.25	231.62	227.08	1.6
3-Sep-15	227.25	229.71	229.88	226.24	-1.07
2-Sep-15	229.71	228.24	231.76	226.52	0.64
1-Sep-15	228.24	231.35	232.33	226.57	-1.34
31-Aug-15	231.35	229.99	233.69	225.31	0.59
30-Aug-15	229.99	230.75	233.49	225.76	-0.33
29-Aug-15	230.75	231.83	233.94	227.16	-0.47
28-Aug-15	231.83	225.8	237.31	220.15	2.67
27-Aug-15	225.8	226.12	229.22	224	-0.18
26-Aug-15	226.21	222.66	232.18	220.11	1.59
25-Aug-15	222.66	210.5	227.89	198	5.78
24-Aug-15	210.5	228.1	228.64	208.53	-7.89
23-Aug-15	228.53	230.27	232.88	225.59	-0.76
22-Aug-15	230.27	232.17	234.63	221.97	-0.82
21-Aug-15	232.17	235.54	236.43	230.52	-1.43
20-Aug-15	235.54	226.32	237.81	226.27	4.11
19-Aug-15	226.24	193.96	239.44	193.96	23.62
18-Aug-15	183.01	258.49	258.5	171	-29.2
17-Aug-15	258.49	259.9	262.01	257.5	-0.54
16-Aug-15	259.9	262.2	262.9	256.5	-0.85
15-Aug-15	262.14	266.32	267.76	260.96	-1.48
14-Aug-15	266.09	264.47	268.88	262.15	0.61
13-Aug-15	264.47	267.09	268	263.33	-0.98
12-Aug-15	267.09	271.96	273.75	265.8	-1.79
11-Aug-15	271.96	265.1	271.97	264.81	2.59
10-Aug-15	265.1	265.58	267.68	262.17	-0.18
9-Aug-15	265.58	261.34	267.6	260.73	1.62
8-Aug-15	261.34	280.19	280.31	260.62	-6.7
7-Aug-15	280.12	279.08	281	276.07	0.37
6-Aug-15	279.08	282.61	282.61	278.08	-1.25
5-Aug-15	282.61	285.47	285.94	281.61	-1
4-Aug-15	285.47	281.28	285.94	281.28	1.49
3-Aug-15	281.27	282.44	287	279.7	-0.43
2-Aug-15	282.49	280.31	283.29	276.28	0.77
1-Aug-15	280.33	284.45	284.99	276.54	-1.45
31-Jul-15	284.45	288.21	289.85	282	-1.3
30-Jul-15	288.21	289.92	290.98	285	-0.59
29-Jul-15	289.92	295.23	295.38	286.59	-1.8
28-Jul-15	295.23	294.84	298.89	293.61	0.13
27-Jul-15	294.84	293.01	298.74	286	0.62
26-Jul-15	293.01	289.36	294.5	288.15	1.26
25-Jul-15	289.36	288.6	292.35	286.4	0.26
24-Jul-15	288.6	276.48	289.93	276.02	4.37
23-Jul-15	276.51	277.99	278.44	275.56	-0.53
22-Jul-15	277.99	275.78	278.38	274.5	0.8
21-Jul-15	275.78	280.2	282.08	275.25	-1.62
20-Jul-15	280.31	275.03	280.46	273.5	1.92
19-Jul-15	275.03	277.25	279.18	274.69	-0.8
18-Jul-15	277.25	279.85	283.33	276.12	-0.93
17-Jul-15	279.85	278.94	281.5	272.08	0.33
16-Jul-15	278.93	285.43	294.3	275.24	-2.28
15-Jul-15	285.44	286.87	294.38	283.53	-0.5
14-Jul-15	286.87	292.65	297.13	286.11	-1.98
13-Jul-15	292.65	311.15	312	284.51	-5.94
12-Jul-15	311.12	300.57	316.02	300.5	8.52
10-Jul-15	286.7	269.22	292.66	268.59	6.49
9-Jul-15	269.22	269.97	272.8	267.98	-0.59
8-Jul-15	270.83	269.5	271.4	267.4	2
7-Jul-15	265.51	268.84	268.9	263.34	-3.39
6-Jul-15	274.83	270.1	276.55	268.15	3.63
5-Jul-15	265.2	260.58	265.27	258	1.77
4-Jul-15	260.58	256.09	261.93	253.58	1.77
3-Jul-15	256.05	254.52	256.9	252.11	0.6
2-Jul-15	254.52	258.1	262.58	253	-1.39
1-Jul-15	258.1	262.89	264.78	253.51	-1.82
30-Jun-15	262.89	256.69	268.86	254.72	2.42
29-Jun-15	256.69	248.71	257.7	248.57	3.2
28-Jun-15	248.72	251.61	252.06	247.25	-1.15
27-Jun-15	251.61	243.29	251.77	242.6	3.42
26-Jun-15	243.29	242.05	243.9	240.64	0.51
25-Jun-15	242.05	239.8	242.99	239.5	0.94
24-Jun-15	239.8	244.25	244.25	239.5	-1.82
23-Jun-15	244.25	246.67	247.35	242.33	-0.98
22-Jun-15	246.67	244.25	247.99	243.5	0.99
21-Jun-15	244.25	245.38	245.69	241.09	-0.46
20-Jun-15	245.38	244.58	245.9	240.05	0.33
19-Jun-15	244.58	249.51	252.12	243.73	-1.98
18-Jun-15	249.51	248.95	253.7	243	0.22
17-Jun-15	248.95	252.08	259.1	246.11	-1.24
16-Jun-15	252.08	236.98	253.9	236	6.37
15-Jun-15	236.98	233.54	238.16	233.35	1.47
14-Jun-15	233.54	232.87	235.44	232.51	0.29
13-Jun-15	232.87	229.44	233.5	228.4	1.49
12-Jun-15	229.44	230	231.34	229.12	-0.17
11-Jun-15	229.82	228.6	230.7	228.6	0.53
10-Jun-15	228.6	229.06	229.95	227.5	-0.2
9-Jun-15	229.05	228.76	232.02	227.79	0.13
8-Jun-15	228.76	223.26	230.63	223.26	2.46
7-Jun-15	223.26	225.66	226.67	222.29	-1.06
6-Jun-15	225.65	224.51	226.85	223.9	0.51
5-Jun-15	224.51	223.24	229.23	222.69	0.57
4-Jun-15	223.24	225.11	225.77	222.64	-0.83
3-Jun-15	225.11	224.68	227	222.26	0.19
2-Jun-15	224.68	222	226	220.97	1.21
1-Jun-15	222	228.7	230.89	219.75	-2.93
31-May-15	228.7	232.54	232.69	227.13	-1.65
30-May-15	232.54	236.52	236.73	230.68	-1.68
29-May-15	236.52	236.86	237.16	235.02	-0.14
28-May-15	236.86	236.85	237.5	235.92	0
27-May-15	236.85	237.36	239.3	235.56	-0.21
26-May-15	237.36	237.1	238.5	235.27	0.11
25-May-15	237.1	240.96	241.12	236.1	-1.6
24-May-15	240.95	238.81	242.98	238.55	0.9
23-May-15	238.81	240.97	241.18	237.56	-0.9
22-May-15	240.97	235.27	241.83	234.59	2.42
21-May-15	235.27	234.24	236.49	233.92	0.44
20-May-15	234.24	231.7	235.24	231.56	1.1
19-May-15	231.7	232.82	235.7	231.19	-0.48
18-May-15	232.82	236.15	237.25	229	-1.44
17-May-15	236.22	235.7	238.02	235.62	0.22
16-May-15	235.7	237.3	237.58	234.01	-0.67
15-May-15	237.3	236.68	238.92	233.88	0.26
14-May-15	236.68	235.7	238.2	232.1	0.37
13-May-15	235.8	241.92	245	234.34	-2.47
12-May-15	241.78	242.47	244.39	240.86	-0.28
11-May-15	242.47	240.73	245.49	238.5	0.79
10-May-15	240.57	242.54	245.88	238.83	-0.81
9-May-15	242.54	244.5	249.1	240.1	-0.8
8-May-15	244.5	237.3	248.48	236.2	3.04
7-May-15	237.29	229.27	239.78	227.82	3.5
6-May-15	229.27	235.87	236.75	227.33	-2.8
5-May-15	235.87	238.54	239.45	231.05	-1.12
4-May-15	238.54	240.57	243.6	237	-0.9
3-May-15	240.7	234.81	243.73	235.66	2.51
2-May-15	234.81	231.78	235.79	231.78	1.31
1-May-15	231.78	236.11	239.19	231.31	-1.83
30-Apr-15	236.11	225.23	240.2	224.65	4.83
29-Apr-15	225.23	225.3	227.78	222.67	-0.03
28-Apr-15	225.3	227.13	228.05	222.22	-1.05
27-Apr-15	227.68	219.7	232	218.24	3.63
26-Apr-15	219.7	226.1	221.48	214	-2.83
25-Apr-15	226.1	231.38	232.7	225.78	-2.28
24-Apr-15	231.38	236.01	236.2	228.7	-1.96
23-Apr-15	236.01	234.14	236.98	233	0.8
22-Apr-15	234.14	236.96	238.99	232.42	-0.7
21-Apr-15	235.8	224.21	236.2	224.19	5.17
20-Apr-15	224.21	222.16	227	221.5	0.9
19-Apr-15	222.21	223.08	226.83	222.1	-0.39
18-Apr-15	223.08	222.4	224.16	219.94	0.31
17-Apr-15	222.4	228.47	228.98	219.61	-2.66
16-Apr-15	228.47	223.98	230	223.01	2
15-Apr-15	223.98	220.16	224	219.01	1.72
14-Apr-15	220.19	225	225.75	216.37	-2.14
13-Apr-15	225	236.38	237.7	220.25	-4.81
12-Apr-15	236.38	236.86	238.7	232.82	-0.2
11-Apr-15	236.86	236.12	240	233.76	0.31
10-Apr-15	236.12	243.58	243.74	230.76	-3.06
9-Apr-15	243.58	244.92	246.79	236.52	-0.55
8-Apr-15	244.92	253.7	254.99	243.05	-3.46
7-Apr-15	253.71	255.61	257.9	253.03	-0.74
6-Apr-15	255.61	260.5	262.43	253.72	-1.88
5-Apr-15	260.5	253.6	261.25	251.55	2.72
4-Apr-15	253.6	254.24	255.69	250.39	-0.25
3-Apr-15	254.23	253.23	256.42	250.7	0.39
2-Apr-15	253.23	246.93	254.92	244.55	2.55
1-Apr-15	246.93	244.51	248.53	239.5	1.06
31-Mar-15	244.33	247.93	248.8	242	-1.45
30-Mar-15	247.93	242.74	248.71	246.95	2.26
29-Mar-15	242.44	252.95	250	239.52	-4.15
28-Mar-15	252.95	246.5	255.42	246.5	2.62
27-Mar-15	246.5	249.19	250.45	245.27	-1.08
26-Mar-15	249.19	246.29	254.98	246.28	1.33
25-Mar-15	245.92	246	250	235.7	-0.03
24-Mar-15	246	267.23	268.39	241.5	-7.94
23-Mar-15	267.23	268.82	271.47	262	-0.59
22-Mar-15	268.82	260.47	270.8	259.82	3.21
21-Mar-15	260.47	262.19	262.99	255.52	-0.66
20-Mar-15	262.19	261.98	266.99	259.36	0.13
19-Mar-15	261.86	257.3	267.89	248.07	1.77
18-Mar-15	257.3	285.12	285.24	248.98	-9.8
17-Mar-15	285.25	291.22	292.83	283	-2.05
16-Mar-15	291.22	286.9	295.13	289.32	1.51
15-Mar-15	286.9	282.6	287.78	283.4	1.52
14-Mar-15	282.6	283.23	287.5	281.36	-0.24
13-Mar-15	283.28	295.55	295.9	282.15	-4.15
12-Mar-15	295.56	296.7	298.8	292.37	-0.38
11-Mar-15	296.7	292.64	298.74	291.06	1.37
10-Mar-15	292.7	291	303.8	290	0.57
9-Mar-15	291.03	275.59	295	278.98	5.6
8-Mar-15	275.59	276.97	278.68	272	-0.5
7-Mar-15	276.97	273.36	280	270.58	1.38
6-Mar-15	273.2	277.69	277.9	269.68	-1.62
5-Mar-15	277.69	273.33	284.5	262.9	1.6
4-Mar-15	273.33	283.75	285.99	267.38	-3.67
3-Mar-15	283.75	277.3	290.32	267.95	2.33
2-Mar-15	277.3	262.4	279.6	259.22	5.68
1-Mar-15	262.4	255.7	266	245.79	2.62
28-Feb-15	255.7	255.05	257.38	251.25	0.29
27-Feb-15	254.96	236.93	262.58	236.65	7.61
26-Feb-15	236.93	237.99	238.33	233.79	-0.45
25-Feb-15	237.99	239.73	240.83	235.56	-0.73
24-Feb-15	239.73	239.4	240.99	236.7	0.14
23-Feb-15	239.4	236.5	240.99	232.61	1.23
22-Feb-15	236.5	245.54	247.78	232.4	-3.69
21-Feb-15	245.55	244.5	247.68	243.28	0.43
20-Feb-15	244.5	240	248.32	238.95	1.79
19-Feb-15	240.2	236.3	243.42	235.02	1.65
18-Feb-15	236.3	244	244.98	231.72	-3.16
17-Feb-15	244	233.5	246.25	231.51	4.45
16-Feb-15	233.6	235.88	243.29	229	-0.97
15-Feb-15	235.88	257.01	268.34	228.22	-8.29
14-Feb-15	257.2	236.13	261.2	235.51	8.96
13-Feb-15	236.06	222.55	242.48	221.46	6.16
12-Feb-15	222.37	219.96	223.17	217.8	1.17
11-Feb-15	219.79	221.39	223.29	218.14	-0.49
10-Feb-15	220.87	221.13	222	215	-0.1
9-Feb-15	221.1	224.01	225	216.45	-1.29
8-Feb-15	223.99	229.16	231.6	220	-2.19
7-Feb-15	229	223.2	230.5	222.67	2.6
6-Feb-15	223.2	216.84	226.64	216.03	2.97
5-Feb-15	216.76	227.11	228.9	215	-4.56
4-Feb-15	227.11	228.77	230.99	221.5	-0.64
3-Feb-15	228.58	237.01	243.9	225.32	-3.89
2-Feb-15	237.83	228.39	240.1	220.89	3.86
1-Feb-15	228.99	218.67	233.79	210	4.82
31-Jan-15	218.45	229	234.67	217.11	-4.64
30-Jan-15	229.07	235	244.59	227.89	-2.54
29-Jan-15	235.03	235.89	242	221.14	-0.45
28-Jan-15	236.09	263.96	265.99	228.5	-10.45
27-Jan-15	263.65	274.73	278.47	244.03	-3.95
26-Jan-15	274.48	262.78	322.72	241.43	7.84
25-Jan-15	254.53	248.02	256.26	245.32	6.05
24-Jan-15	240	215	250.58	215	2.13
23-Jan-15	235	230	235	215	3.84
22-Jan-15	226.32	245.5	257.73	216.59	0.36
21-Jan-15	225.51	219	225.51	219	3.44
20-Jan-15	218	215	218	208	2.25
19-Jan-15	213.21	211.23	216.22	208.84	1.6
18-Jan-15	209.85	202.9	218.26	197.05	4.29
17-Jan-15	201.23	207.16	211.03	198.22	-2.64
16-Jan-15	206.68	215.98	225	200	-5.07
15-Jan-15	217.72	181.09	234.51	176.52	18.87
14-Jan-15	183.16	230.28	230.48	164.95	-20.31
13-Jan-15	229.84	267.33	267.63	222.49	-14.12
12-Jan-15	267.62	267.2	281.05	265.49	0.54
11-Jan-15	266.19	274.77	279.96	265	-3.22
10-Jan-15	275.04	292.41	292.41	271	-6.08
9-Jan-15	292.83	285.38	295.57	282.99	2.52
8-Jan-15	285.64	296.2	296.2	285.64	-3.82
7-Jan-15	297	286.1	303.83	285	4.07
6-Jan-15	285.39	273.24	287.83	268.52	4.46
5-Jan-15	273.2	261	276.46	260.47	5.57
4-Jan-15	258.78	281.99	288.9	258.78	-8.23
3-Jan-15	281.99	314.81	314.81	281.99	-10.51
2-Jan-15	315.11	313.6	316.01	313	0.4
1-Jan-15	313.85	317.51	317.51	312.88	-0.99
31-Dec-14	317	309	317.6	308.56	2.66
30-Dec-14	308.79	314.36	315.3	307.93	-1
29-Dec-14	311.92	319.55	321.49	311.92	-1.77
28-Dec-14	317.53	317.27	318.59	312.03	0.51
27-Dec-14	315.91	327.12	327.12	312.74	-3.83
26-Dec-14	328.49	319.2	329.84	317.53	2.97
25-Dec-14	319	322.57	323.08	317.89	-1.17
24-Dec-14	322.79	333.65	334.25	322.79	-3.04
23-Dec-14	332.91	329.99	335.16	326.07	1.18
22-Dec-14	329.02	318.2	329.22	317.5	3.72
21-Dec-14	317.21	328.43	328.43	316.91	-3.6
20-Dec-14	329.07	315.77	329.99	314.92	4.22
19-Dec-14	315.74	309.28	317	305.98	2.43
18-Dec-14	308.26	318.65	321.07	303.62	-3.12
17-Dec-14	318.19	333.42	337.02	315.01	-3.76
16-Dec-14	330.61	348.14	348.14	330.61	-4.78
15-Dec-14	347.19	354.12	354.12	346.3	-1.55
14-Dec-14	352.67	350.64	356.75	346.99	0.51
13-Dec-14	350.88	352.64	352.64	348.33	-0.56
12-Dec-14	352.84	350.38	356.99	349.85	0.8
11-Dec-14	350.04	346.63	363.31	343.62	0.9
10-Dec-14	346.92	354	356.22	343.53	-1.96
9-Dec-14	353.85	363.23	364.36	345.52	-2.6
8-Dec-14	363.31	375.19	375.59	361.7	-2.97
7-Dec-14	374.43	373.91	376.72	370.91	0.45
6-Dec-14	372.77	377.97	379.12	371.07	-1.49
5-Dec-14	378.39	368.75	380.57	367.24	2.2
4-Dec-14	370.26	375.78	378.88	364.81	-1.46
3-Dec-14	375.74	381.4	383.11	374.25	-1.64
2-Dec-14	382.01	377.39	382.56	376.94	1.17
1-Dec-14	377.6	376.68	380	374.89	0.23
30-Nov-14	376.72	374.66	380.31	373.06	0.6
29-Nov-14	374.49	375.25	383	372	-0.29
28-Nov-14	375.57	369.87	380.28	359.52	1.62
27-Nov-14	369.57	369.28	373.48	368.14	0.46
26-Nov-14	367.87	377.03	378.3	365.78	-2.12
25-Nov-14	375.82	373.54	390	373.08	0.72
24-Nov-14	373.15	365.25	386.99	327.79	3.49
23-Nov-14	360.57	347.49	360.57	346.74	4.11
22-Nov-14	346.35	350.91	360.25	346.09	-0.85
21-Nov-14	349.33	353.5	356.03	346.1	-1.84
20-Nov-14	355.88	380.46	380.61	353.39	-6.14
19-Nov-14	379.16	373.09	381.64	372.12	2.48
18-Nov-14	370	388.63	390.87	370	-4.53
17-Nov-14	387.56	388.89	407	376	-0.17
16-Nov-14	388.21	380.56	391.89	380.25	3.11
15-Nov-14	376.51	400.48	406.29	370.97	-5.65
14-Nov-14	399.07	410	414.62	385	-4.85
13-Nov-14	419.42	428.34	445	387.55	0.37
12-Nov-14	417.87	375	431.11	375	13.86
11-Nov-14	367	366.53	367.21	361.32	-0.26
10-Nov-14	367.97	359.98	372.5	355	2.21
9-Nov-14	360	343.69	360	342.52	4.35
8-Nov-14	344.99	341.99	344.99	340.5	1.02
7-Nov-14	341.5	348.5	350	341.07	-2.01
6-Nov-14	348.5	337.77	349.68	335.5	3.24
5-Nov-14	337.55	330.75	341	321	3.26
4-Nov-14	326.9	323.56	330.17	321.75	1.03
3-Nov-14	323.56	324.27	335.5	323.25	0.33
2-Nov-14	322.5	327	329.41	321.27	-1.43
1-Nov-14	327.18	337.66	338.43	321.7	-2.91
31-Oct-14	337	344.91	346.45	336.57	-1.99
30-Oct-14	343.85	334.56	350.64	333.04	3.2
29-Oct-14	333.2	352.22	352.28	333.2	-5.64
28-Oct-14	353.1	351.16	353.22	349.01	0.7
27-Oct-14	350.65	351.13	355	346.49	0.19
26-Oct-14	349.99	346.76	356.27	344.03	0.74
25-Oct-14	347.41	356.75	357.55	342.28	-2.45
24-Oct-14	356.15	356.12	359.94	349	0.05
23-Oct-14	355.98	379.73	381	352.99	-6.31
22-Oct-14	379.96	382.85	385.46	379.73	-0.75
21-Oct-14	382.84	380.73	387.75	378.22	0.49
20-Oct-14	380.98	385.93	386.75	374.61	-1.36
19-Oct-14	386.25	386.3	389.1	384.28	-0.96
18-Oct-14	390	379.11	391.75	377.04	2.56
17-Oct-14	380.25	380.68	385.71	371.91	0.25
16-Oct-14	379.29	395	395	372.19	-3.6
15-Oct-14	393.46	392.72	397.9	379.28	-1.13
14-Oct-14	397.94	387.95	405.8	385.93	3.81
13-Oct-14	383.35	367.11	391.03	363.29	3.04
12-Oct-14	372.03	361.93	375	354.29	2.98
11-Oct-14	361.27	358.85	366	352.25	0.49
10-Oct-14	359.51	363.7	375	352.44	-1.08
9-Oct-14	363.45	349.09	375.69	345.99	3.83
8-Oct-14	350.04	332.06	351	324.98	5.76
7-Oct-14	330.97	330.52	334.56	315.78	2.2
6-Oct-14	323.84	320.24	345.48	303.15	0.43
5-Oct-14	322.45	327.61	341.16	285.12	-1.89
4-Oct-14	328.66	359.63	364.75	322.4	-8.12
3-Oct-14	357.69	371.52	375.08	356.35	-3.78
2-Oct-14	371.74	383.08	385.45	370.29	-2.94
1-Oct-14	383	387.02	388.96	377.04	-1.07
30-Sep-14	387.14	374.17	392.13	371.99	4.75
29-Sep-14	369.6	376.75	383	367.26	-1.36
28-Sep-14	374.71	398.77	399.43	369.95	-5.67
27-Sep-14	397.25	400.42	405	395.12	-1.42
26-Sep-14	402.97	411.23	414.79	397	-1.5
25-Sep-14	409.09	420.59	420.6	404	-2.69
24-Sep-14	420.41	426.68	430	408.6	-2.03
23-Sep-14	429.13	398.87	440.5	395.42	7.91
22-Sep-14	397.67	400.1	406.18	394	-0.75
21-Sep-14	400.69	409.34	412.52	394.19	-2.65
20-Sep-14	411.59	396.48	427.27	392.55	4.13
19-Sep-14	395.27	426.8	428.39	389.88	-7.47
18-Sep-14	427.18	456.7	459.97	412.02	-6.48
17-Sep-14	456.77	465.72	469	450.35	-1.8
16-Sep-14	465.13	466.8	475.11	464.35	-1.02
15-Sep-14	469.9	476.49	478.79	469.9	-1.38
14-Sep-14	476.49	477.16	479.1	474.3	-0.34
13-Sep-14	478.1	471.2	480.75	470.79	1.33
12-Sep-14	471.81	475.68	477.85	467.75	-1.11
11-Sep-14	477.09	479.64	480.75	470.1	-0.05
10-Sep-14	477.33	474.01	487	473.3	0.99
9-Sep-14	472.66	470.95	475.45	463.33	0.47
8-Sep-14	470.43	476.7	478.11	462.17	-1.94
7-Sep-14	479.73	481.14	483.62	479.73	-0.33
6-Sep-14	481.32	481.39	485	479.59	0.78
5-Sep-14	477.59	487.07	488.61	477.59	-2.37
4-Sep-14	489.2	473.7	494.28	473.27	3.2
3-Sep-14	474.04	478.5	478.85	473.35	-0.58
2-Sep-14	476.79	481.6	485.83	475	-1.86
1-Sep-14	485.83	487.35	489.49	479.09	0.51
31-Aug-14	483.37	503.07	503.99	482.27	-3.13
30-Aug-14	499	506.86	506.86	499	-1.68
29-Aug-14	507.52	506.01	510.07	503	-0.05
28-Aug-14	507.75	512.04	513.33	506.6	-0.63
27-Aug-14	510.99	512.94	518	510.99	0.5
26-Aug-14	508.43	507	514.65	505.47	1.18
25-Aug-14	502.5	506.31	511	498.2	-0.95
24-Aug-14	507.3	500.69	512.78	500	1.43
23-Aug-14	500.15	510.5	511.58	498.95	-2.99
22-Aug-14	515.57	518.37	521.5	502	-0.06
21-Aug-14	515.87	515.62	528.99	509.97	-0.21
20-Aug-14	516.98	492.07	524.99	471.74	5.44
19-Aug-14	490.3	470	498	470	2.53
18-Aug-14	478.2	504.17	506.67	462.37	-4.61
17-Aug-14	501.32	525.39	527.01	490.13	-4.9
16-Aug-14	527.17	502.68	527.78	489.49	4.14
15-Aug-14	506.23	517.25	525	489.99	-0.74
14-Aug-14	510	549	549	503	-7.1
13-Aug-14	549	567.57	567.69	530.52	-3
12-Aug-14	566	570	570.55	563	-1.14
11-Aug-14	572.5	582.71	583.15	572.5	-1.29
10-Aug-14	580	581.86	586.41	580	-0.57
9-Aug-14	583.3	583.03	583.91	581.29	-0.53
8-Aug-14	586.41	582.93	587.63	582.93	0.71
7-Aug-14	582.25	577.51	583.35	577.51	0.82
6-Aug-14	577.5	575.25	583.7	574.26	0.44
5-Aug-14	574.95	581.95	583.99	574.19	-1.06
4-Aug-14	581.11	583.14	587.81	581.11	-0.16
3-Aug-14	582.06	583.86	583.86	578.34	-0.97
2-Aug-14	587.75	593.31	593.31	583.68	-1.21
1-Aug-14	594.92	578	606.1	100	2.74
31-Jul-14	579.04	554	586	553.5	5.09
30-Jul-14	551	575.37	575.83	550	-4.17
29-Jul-14	575	579.99	585.71	566.23	-1.94
28-Jul-14	586.38	585	587.99	571	-0.7
27-Jul-14	590.5	594.29	595	589.99	-0.59
26-Jul-14	594	598.96	598.96	590.15	-0.67
25-Jul-14	598	600.93	605.33	595	-0.38
24-Jul-14	600.31	616.84	616.86	593.2	-2.74
23-Jul-14	617.21	611.96	618.6	609.98	0.75
22-Jul-14	612.59	620	624	605.54	-1.16
21-Jul-14	619.79	621	621.75	605	0.14
20-Jul-14	618.91	623.25	623.25	617	-1.01
19-Jul-14	625.25	627.17	627.17	618	-0.35
18-Jul-14	627.46	626.41	627.46	616.75	-0.02
17-Jul-14	627.6	622	631.14	619	1.06
16-Jul-14	621.04	620	631.68	614.04	0.03
15-Jul-14	620.87	621.33	624	617.9	-0.25
14-Jul-14	622.4	621.72	624	616	-0.26
13-Jul-14	624	626	626	621.51	-0.32
12-Jul-14	626	625.07	630	623	0.08
11-Jul-14	625.5	610	625.5	609.91	2.54
10-Jul-14	610	618.5	620	608.5	-1.65
9-Jul-14	620.24	620.7	624.7	616.25	0.28
8-Jul-14	618.5	623.26	626	611.06	-0.88
7-Jul-14	624	630.5	635	615	-1.46
6-Jul-14	633.25	634.6	636.81	630.49	0.52
5-Jul-14	630	635	636	630	-0.35
4-Jul-14	632.24	649.98	650	628.51	-1.77
3-Jul-14	643.62	649.46	652	640.72	-0.66
2-Jul-14	647.9	650.58	654.91	641	-0.44
1-Jul-14	650.77	650	662	643.9	1.68
30-Jun-14	640.01	605.53	646	605.53	6.02
29-Jun-14	603.65	603.04	606.98	601	0.59
28-Jun-14	600.1	602.54	610.47	600.1	-1
27-Jun-14	606.18	582.73	606.18	582	4.89
26-Jun-14	577.9	573.5	578.75	572	1.73
25-Jun-14	568.07	585	585	568.07	-3.27
24-Jun-14	587.28	595.87	595.87	585	-2
23-Jun-14	599.25	609.65	609.66	592.5	-1.41
22-Jun-14	607.8	605	620	605	1.03
21-Jun-14	601.61	597.32	601.61	592.21	0.1
20-Jun-14	601	595.86	603	591	-0.17
19-Jun-14	602	608.01	613.75	600.26	-1.55
18-Jun-14	611.5	615.5	621.08	603.79	-0.45
17-Jun-14	614.25	578.85	614.25	577.02	5.91
16-Jun-14	580	580.85	601	580	1.58
15-Jun-14	571	565	571.78	549.31	3
14-Jun-14	554.37	584	584.48	545.33	-4.84
13-Jun-14	582.59	586.93	615.58	570	-1.26
12-Jun-14	590.01	636	640.1	569.09	-7.39
11-Jun-14	637.1	657.25	657.25	637.1	-2.53
10-Jun-14	653.64	653.97	663	647	-0.01
9-Jun-14	653.73	663.93	663.93	653	-1.3
8-Jun-14	662.35	664.85	668.2	660	-0.1
7-Jun-14	663	646.75	663	646.75	1.22
6-Jun-14	655	661	666	654.65	-1.24
5-Jun-14	663.25	651.83	670	650	1.68
4-Jun-14	652.29	681.25	681.25	640	-4.48
3-Jun-14	682.88	673.07	693.89	665	2
2-Jun-14	669.5	647.06	675	623.94	3.56
1-Jun-14	646.5	638	687.35	625	1.71
31-May-14	635.6	621	635.6	618.62	1.05
30-May-14	629	590	629	590	9.78
29-May-14	572.99	570	575.01	567.88	-0.7
28-May-14	577.01	570	580.04	563.41	1.23
27-May-14	570	575.59	580.02	557.66	-0.87
26-May-14	575	569	580.1	563.2	1.56
25-May-14	566.15	507.83	572	507.83	12.71
24-May-14	502.3	500	505	500	-1.42
23-May-14	509.55	507	529.79	500.8	1.44
22-May-14	502.3	476.55	507	475.75	5.16
21-May-14	477.65	480	480	475.79	0.36
20-May-14	475.95	440	480	440	8.42
19-May-14	438.97	434.75	440	423.75	0.05
18-May-14	438.75	438	438.75	436.27	-0.73
17-May-14	441.97	443	443	435.37	-0.07
16-May-14	442.28	442	443	442	0.07
15-May-14	441.99	440	442	438	-0.45
14-May-14	444	437.25	444	432	1.54
13-May-14	437.25	439	439	433.68	-0.63
12-May-14	440	434.55	441	433	1.85
11-May-14	432	449.63	449.63	430.55	-4.23
10-May-14	451.1	452	452.25	449.1	1.14
9-May-14	446	440	452.01	439.49	0.72
8-May-14	442.8	440	447	439.51	1.1
7-May-14	438	430	448.72	425.89	1.86
6-May-14	430	426.55	431.5	419.77	0.7
5-May-14	427.01	436.41	439.88	426.5	-0.9
4-May-14	430.87	439.53	440.63	430.87	-2.2
3-May-14	440.54	452	452	432.61	-2.86
2-May-14	453.5	459.01	459.63	447	-1.2
1-May-14	459	450.81	463	450.78	2.39
30-Apr-14	448.27	446	450	440.5	3.29
29-Apr-14	434	438.72	450	431.54	-3.13
28-Apr-14	448	434	448	433	1.48
27-Apr-14	441.45	460	460.5	441.45	-3.82
26-Apr-14	459	467.35	470.49	453.86	-0.22
25-Apr-14	460	493.08	494.37	446.22	-7.54
24-Apr-14	497.5	486	497.5	480	1.49
23-Apr-14	490.21	494.86	494.86	480	0.45
22-Apr-14	488	499.5	501	488	-1.81
21-Apr-14	497	509	510	495.77	-3.01
20-Apr-14	512.45	510	512.45	510	1.48
19-Apr-14	505	488.17	510	484.71	2.95
18-Apr-14	490.54	499.39	504.37	483.57	-2.03
17-Apr-14	500.71	519.55	522.25	491	-4.12
16-Apr-14	522.25	510	522.79	499	1.41
15-Apr-14	515	453.36	515	453.36	12.2
14-Apr-14	459	403.15	464	403.15	13.55
13-Apr-14	404.22	415	415	404.22	-2.6
12-Apr-14	415	417.75	430	412	-0.3
11-Apr-14	416.26	355	427	325	12.5
10-Apr-14	370	440.24	440.24	370	-16.38
9-Apr-14	442.5	454.97	454.97	440	-1.39
8-Apr-14	448.75	454.5	458.25	448.75	-1.2
7-Apr-14	454.2	460.21	463.62	445	0.11
6-Apr-14	453.69	463.3	463.3	453.69	-1.54
5-Apr-14	460.8	453	460.8	445.19	2.4
4-Apr-14	449.99	441.5	458.13	434.17	0.27
3-Apr-14	448.78	440.61	462.05	422	1.23
2-Apr-14	443.33	479.18	490.51	435.79	-8.18
1-Apr-14	482.83	460.32	486	451.44	6.82
31-Mar-14	452	478.6	485	443.13	-2.61
30-Mar-14	464.1	493.01	493.01	440.35	-5.66
29-Mar-14	491.92	506.17	507	490.98	-1.11
28-Mar-14	497.44	525	525	490	-0.22
27-Mar-14	498.53	582.4	589.33	498.53	-16.21
26-Mar-14	595	580	595	570	2.23
25-Mar-14	582.01	586.58	586.66	579.1	-1.35
24-Mar-14	590	560.38	590	552	4.2
23-Mar-14	566.2	570.3	570.3	566.2	1.11
22-Mar-14	560	560	562.86	550	-1.55
21-Mar-14	568.8	581	605.42	568.8	-2.52
20-Mar-14	583.48	610	639.21	583.48	-4.5
19-Mar-14	611	622.9	622.92	611	-1.19
18-Mar-14	618.37	623.08	623.89	610.89	-0.95
17-Mar-14	624.33	635	635.7	624	-1.68
16-Mar-14	635.01	640.1	640.1	635.01	-1.03
15-Mar-14	641.64	636.89	641.64	636.89	1.85
14-Mar-14	630	632.93	638.97	630	-1.87
13-Mar-14	641.99	633.51	645.14	633.51	-1.23
12-Mar-14	650	615	650	615	5.69
11-Mar-14	615	615	615	613.5	0
10-Mar-14	615	621	621	612.84	-0.97
9-Mar-14	621	610.48	621	609.37	1.12
8-Mar-14	614.14	621	621	600.25	-1.11
7-Mar-14	621	663	663	614	-6.33
6-Mar-14	663	673.44	675	657	-1.78
5-Mar-14	675	658	675.8	658	1.05
4-Mar-14	668	654.72	675	652.62	1.52
3-Mar-14	658	571.5	685	569.74	17.37
2-Mar-14	560.62	570.9	583.49	560	-1.34
1-Mar-14	568.21	565	571.77	560	0.57
28-Feb-14	565	575.48	590.3	544.89	-2.42
27-Feb-14	579	592.53	592.53	565.72	-0.52
26-Feb-14	582	548.67	594.47	544	13.01
25-Feb-14	515	554	567	425	-8.43
24-Feb-14	562.43	597.27	597.27	562.43	-9.14
23-Feb-14	619	597.73	624.05	597.73	4
22-Feb-14	595.22	587.61	602.77	563.74	4.79
21-Feb-14	568	565.2	591.5	548.51	-1.88
20-Feb-14	578.88	633	633	574.81	-8.17
19-Feb-14	630.41	634.18	637.99	628	0.38
18-Feb-14	628	660	660	622	-5.4
17-Feb-14	663.85	626	663.85	626	9.19
16-Feb-14	608	650	650	608	-6.95
15-Feb-14	653.38	652.89	655.69	650	-4.2
14-Feb-14	682	622	724	565.2	7.53
13-Feb-14	634.26	671.94	671.94	630	-7.41
12-Feb-14	685	691.13	691.13	650	3.97
11-Feb-14	658.87	739	761.66	653.26	-6.72
10-Feb-14	706.32	720	739	642	-0.52
9-Feb-14	710	702.59	720	702.59	2.9
8-Feb-14	690	700	716.45	690	-4.17
7-Feb-14	720	750.27	755.05	677	-6.68
6-Feb-14	771.55	793	793	768	-2.46
5-Feb-14	791	807	808	791	-2.71
4-Feb-14	813	810.8	813.23	808.27	0.37
3-Feb-14	810	806.78	814.12	801.67	-0.57
1-Feb-14	814.65	801.93	814.65	801.93	1.83
31-Jan-14	800	801.67	803.29	791.8	-0.49
30-Jan-14	803.95	794.37	803.95	785.37	0.49
29-Jan-14	800	788.99	800	783.57	0.63
28-Jan-14	795	779.78	812.04	770	4.57
27-Jan-14	760.29	810.94	810.94	757	-6.1
26-Jan-14	809.65	804.18	823.92	731	-0.04
25-Jan-14	810	795.83	810	789.44	3.6
24-Jan-14	781.87	800	800	773.18	-4.21
23-Jan-14	816.21	819	820	804.28	1.14
22-Jan-14	807	807	807	807	-0.37
21-Jan-14	810	810	824.72	794.21	-1.62
20-Jan-14	823.35	831.01	831.01	795.23	-0.8
19-Jan-14	830	819	830	814.23	3.75
18-Jan-14	800	810	815	799	1.39
17-Jan-14	789	820	820.69	789	-4.25
16-Jan-14	824	847.06	847.06	822.42	-1.87
15-Jan-14	839.73	835.55	842.19	833.74	1.56
14-Jan-14	826.85	827.84	833.41	815.12	1.03
13-Jan-14	818.4	846.59	857.28	818.4	-7.85
12-Jan-14	888.1	892	892	888.1	-0.98
11-Jan-14	896.88	899	900.27	895	7.44
10-Jan-14	834.75	832.98	834.75	832.98	-1.79
9-Jan-14	850	833.72	850	794.93	2.59
8-Jan-14	828.54	781	838.05	771	4.75
7-Jan-14	791	928.69	928.69	791	-15.36
6-Jan-14	934.55	910	950	900	3.38
5-Jan-14	904	839.46	904	839.46	12.74
4-Jan-14	801.84	806.5	806.5	801.84	-1.26
3-Jan-14	812.05	801	812.05	801	4.78
2-Jan-14	775	746.22	775	740.18	4.69
1-Jan-14	740.3	740	757	733.53	1.73
31-Dec-13	727.71	731.5	731.5	715.72	-1.29
30-Dec-13	737.24	735	740	730.21	3.21
29-Dec-13	714.29	710.66	714.29	710.66	1.9
28-Dec-13	701	726	732	701	-2.49
27-Dec-13	718.89	757.53	757.75	708.98	-2.85
26-Dec-13	740	680	741.32	680	14.31
24-Dec-13	647.33	661.96	668.75	646.82	1.09
23-Dec-13	640.37	650.18	653.2	640.37	2.94
22-Dec-13	622.1	590	669.62	590	2.37
21-Dec-13	607.68	655.41	656.69	589	1.45
20-Dec-13	599	702.03	731.96	599	-14.68
19-Dec-13	702.03	545.59	716.43	521	27.32
18-Dec-13	551.38	668.84	668.84	408.74	-24.67
17-Dec-13	731.94	712.17	759.83	643.93	3.86
16-Dec-13	704.77	896.76	896.76	699.55	-18.51
15-Dec-13	864.87	891.23	891.23	850	-3.68
14-Dec-13	897.95	904	909.73	889.01	-1.6
13-Dec-13	912.55	911	954	909.08	1.34
12-Dec-13	900.53	878.9	915	878.9	-2.31
11-Dec-13	921.78	"1,005.59"	"1,005.59"	890.66	-9.89
10-Dec-13	"1,023.00"	967.18	"1,030.44"	958.46	9.32
9-Dec-13	935.79	871.4	945.02	849.42	28.19
8-Dec-13	730	717.13	758.47	682.22	-8.82
7-Dec-13	800.57	833.26	"1,200.00"	632.32	-8.25
6-Dec-13	872.56	"1,028.15"	"1,028.15"	845.41	-15.33
5-Dec-13	"1,030.58"	"1,129.80"	"1,135.00"	866.02	-9.99
4-Dec-13	"1,145.00"	"1,065.46"	"1,149.50"	"1,065.46"	9.26
3-Dec-13	"1,047.98"	"1,047.98"	"1,047.98"	"1,047.98"	5
2-Dec-13	998.07	997.87	"1,031.09"	960	4.51
1-Dec-13	955	998.06	998.06	903	-14.15
30-Nov-13	"1,112.35"	"1,105.08"	"1,115.00"	"1,103.14"	0.44
29-Nov-13	"1,107.51"	"1,030.00"	"1,124.36"	"1,030.00"	9.65
28-Nov-13	"1,010.00"	955	"1,031.09"	943.86	6.54
27-Nov-13	948	863.9	948.87	855	11.59
26-Nov-13	849.57	790.24	849.57	778	8.53
25-Nov-13	782.77	785.93	789.02	782.77	-3.8
24-Nov-13	813.72	746.86	813.72	746.86	-3.38
23-Nov-13	842.2	800.2	842.2	769.92	10.82
22-Nov-13	760	680	760	680	8.57
21-Nov-13	700	587	700	580	27.27
20-Nov-13	550	504.9	550	425.06	-8.18
19-Nov-13	599	600	690.89	418.36	2.37
18-Nov-13	585.16	461	590.64	461	23.64
17-Nov-13	473.27	435.87	473.27	435.87	8.73
16-Nov-13	435.27	412.03	436.05	398.44	8.82
15-Nov-13	400	419.07	436.06	400	-4.31
14-Nov-13	418	396.21	419.5	393.69	7.81
13-Nov-13	387.73	366.81	387.73	356.36	10.73
12-Nov-13	350.16	343.26	355.26	341.88	3.42
11-Nov-13	338.57	342.84	342.84	328.85	8.55
10-Nov-13	311.9	311.9	311.9	311.9	-7.21
9-Nov-13	336.14	336.14	336.14	336.14	3.82
8-Nov-13	323.77	323.77	323.77	323.77	14.29
7-Nov-13	283.3	283.3	283.3	283.3	11.67
6-Nov-13	253.69	253.69	253.69	253.69	6.02
5-Nov-13	239.29	239.29	239.29	239.29	6.26
4-Nov-13	225.2	225.2	225.2	225.2	8.46
3-Nov-13	207.63	207.63	207.63	207.63	3.38
2-Nov-13	200.85	200.85	200.85	200.85	1.18
1-Nov-13	198.51	198.51	198.51	198.51	0.14
31-Oct-13	198.23	198.23	198.23	198.23	1.89
30-Oct-13	194.55	194.55	194.55	194.55	-1.84
29-Oct-13	198.19	198.19	198.19	198.19	5.49
28-Oct-13	187.87	187.87	187.87	187.87	1.17
27-Oct-13	185.69	185.69	185.69	185.69	5.57
26-Oct-13	175.9	175.9	175.9	175.9	-1.25
25-Oct-13	178.12	178.12	178.12	178.12	-2.75
24-Oct-13	183.15	183.15	183.15	183.15	-8.71
23-Oct-13	200.62	200.62	200.62	200.62	9.12
22-Oct-13	183.86	183.86	183.86	183.86	5.56
21-Oct-13	174.18	174.18	174.18	174.18	6.82
20-Oct-13	163.06	163.06	163.06	163.06	2.03
19-Oct-13	159.81	159.81	159.81	159.81	6.83
18-Oct-13	149.59	149.59	149.59	149.59	4.81
17-Oct-13	142.73	142.73	142.73	142.73	3.86
16-Oct-13	137.42	137.42	137.42	137.42	-0.88
15-Oct-13	138.64	138.64	138.64	138.64	4.21
14-Oct-13	133.04	133.04	133.04	133.04	2.01
13-Oct-13	130.42	130.42	130.42	130.42	3.08
12-Oct-13	126.52	126.52	126.52	126.52	0.8
11-Oct-13	125.51	125.51	125.51	125.51	-0.15
10-Oct-13	125.7	125.7	125.7	125.7	-0.11
9-Oct-13	125.84	125.84	125.84	125.84	1.22
8-Oct-13	124.32	124.32	124.32	124.32	0.88
7-Oct-13	123.24	123.24	123.24	123.24	1.28
6-Oct-13	121.68	121.68	121.68	121.68	0.45
5-Oct-13	121.14	121.14	121.14	121.14	-0.12
4-Oct-13	121.29	121.29	121.29	121.29	3.83
3-Oct-13	116.82	116.82	116.82	116.82	17.04
2-Oct-13	99.81	99.81	99.81	99.81	-20.46
1-Oct-13	125.49	125.49	125.49	125.49	1.94
30-Sep-13	123.1	123.1	123.1	123.1	-1.66
29-Sep-13	125.18	125.18	125.18	125.18	0.34
28-Sep-13	124.75	124.75	124.75	124.75	1.01
27-Sep-13	123.5	123.5	123.5	123.5	0.02
26-Sep-13	123.48	123.48	123.48	123.48	0.05
25-Sep-13	123.42	123.42	123.42	123.42	0.72
24-Sep-13	122.54	122.54	122.54	122.54	0.26
23-Sep-13	122.22	122.22	122.22	122.22	-0.35
22-Sep-13	122.65	122.65	122.65	122.65	0.01
21-Sep-13	122.64	122.64	122.64	122.64	-0.21
20-Sep-13	122.9	122.9	122.9	122.9	-1.04
19-Sep-13	124.19	124.19	124.19	124.19	-1.67
18-Sep-13	126.3	126.3	126.3	126.3	0.26
17-Sep-13	125.97	125.97	125.97	125.97	0.73
16-Sep-13	125.06	125.06	125.06	125.06	0.39
15-Sep-13	124.58	124.58	124.58	124.58	0.4
14-Sep-13	124.08	124.08	124.08	124.08	-1.92
13-Sep-13	126.51	126.51	126.51	126.51	0.6
12-Sep-13	125.76	125.76	125.76	125.76	0.25
11-Sep-13	125.45	125.45	125.45	125.45	3.29
10-Sep-13	121.46	121.46	121.46	121.46	1.2
9-Sep-13	120.02	120.02	120.02	120.02	2.94
8-Sep-13	116.59	116.59	116.59	116.59	-2.07
7-Sep-13	119.05	119.05	119.05	119.05	2.35
6-Sep-13	116.32	116.32	116.32	116.32	-3.49
5-Sep-13	120.53	120.53	120.53	120.53	-0.03
4-Sep-13	120.57	120.57	120.57	120.57	-5.5
3-Sep-13	127.59	127.59	127.59	127.59	0.18
2-Sep-13	127.36	127.36	127.36	127.36	-0.7
1-Sep-13	128.26	128.26	128.26	128.26	-0.93
31-Aug-13	129.46	129.46	129.46	129.46	5.06
30-Aug-13	123.23	123.23	123.23	123.23	4.86
29-Aug-13	117.52	117.52	117.52	117.52	-0.06
28-Aug-13	117.59	117.59	117.59	117.59	0.12
27-Aug-13	117.45	117.45	117.45	117.45	4.65
26-Aug-13	112.23	112.23	112.23	112.23	0.39
25-Aug-13	111.79	111.79	111.79	111.79	2.85
24-Aug-13	108.69	108.69	108.69	108.69	1.06
23-Aug-13	107.55	107.55	107.55	107.55	-1.99
22-Aug-13	109.73	109.73	109.73	109.73	-1.53
21-Aug-13	111.44	111.44	111.44	111.44	6.12
20-Aug-13	105.01	105.01	105.01	105.01	2.65
19-Aug-13	102.3	102.3	102.3	102.3	3.5
18-Aug-13	98.84	98.84	98.84	98.84	-0.72
17-Aug-13	99.56	99.56	99.56	99.56	1.25
16-Aug-13	98.33	98.33	98.33	98.33	0.81
15-Aug-13	97.54	97.54	97.54	97.54	-0.43
14-Aug-13	97.96	97.96	97.96	97.96	0.06
13-Aug-13	97.9	97.9	97.9	97.9	2.97
12-Aug-13	95.08	95.08	95.08	95.08	0.98
11-Aug-13	94.16	94.16	94.16	94.16	0.93
10-Aug-13	93.29	93.29	93.29	93.29	-0.07
9-Aug-13	93.36	93.36	93.36	93.36	-1.49
8-Aug-13	94.77	94.77	94.77	94.77	-2.22
7-Aug-13	96.92	96.92	96.92	96.92	-0.22
6-Aug-13	97.13	97.13	97.13	97.13	0.22
5-Aug-13	96.92	96.92	96.92	96.92	0.33
4-Aug-13	96.6	96.6	96.6	96.6	-0.06
3-Aug-13	96.66	96.66	96.66	96.66	-0.6
2-Aug-13	97.24	97.24	97.24	97.24	0.85
1-Aug-13	96.42	96.42	96.42	96.42	-1.52
31-Jul-13	97.91	97.91	97.91	97.91	1.66
30-Jul-13	96.31	96.31	96.31	96.31	3.23
29-Jul-13	93.3	93.3	93.3	93.3	1.3
28-Jul-13	92.1	92.1	92.1	92.1	3.37
27-Jul-13	89.1	89.1	89.1	89.1	-1.69
26-Jul-13	90.63	90.63	90.63	90.63	1.36
25-Jul-13	89.41	89.41	89.41	89.41	2.23
24-Jul-13	87.46	87.46	87.46	87.46	0.6
23-Jul-13	86.94	86.94	86.94	86.94	0.99
22-Jul-13	86.09	86.09	86.09	86.09	0.73
21-Jul-13	85.47	85.47	85.47	85.47	-0.23
20-Jul-13	85.67	85.67	85.67	85.67	-0.13
19-Jul-13	85.78	85.78	85.78	85.78	0.41
18-Jul-13	85.43	85.43	85.43	85.43	-5.64
17-Jul-13	90.54	90.54	90.54	90.54	-2.37
16-Jul-13	92.74	92.74	92.74	92.74	-0.43
15-Jul-13	93.14	93.14	93.14	93.14	3.07
14-Jul-13	90.37	90.37	90.37	90.37	-1.12
13-Jul-13	91.39	91.39	91.39	91.39	3.31
12-Jul-13	88.46	88.46	88.46	88.46	-3.03
11-Jul-13	91.22	91.22	91.22	91.22	7.94
10-Jul-13	84.51	84.51	84.51	84.51	13.86
9-Jul-13	74.22	74.22	74.22	74.22	-0.46
8-Jul-13	74.56	74.56	74.56	74.56	2.83
7-Jul-13	72.51	72.51	72.51	72.51	8.47
6-Jul-13	66.85	66.85	66.85	66.85	0.77
5-Jul-13	66.34	66.34	66.34	66.34	-14.6
4-Jul-13	77.68	77.68	77.68	77.68	1.03
3-Jul-13	76.89	76.89	76.89	76.89	-12.29
2-Jul-13	87.66	87.66	87.66	87.66	3.6
1-Jul-13	84.61	84.61	84.61	84.61	-13.23
30-Jun-13	97.51	97.51	97.51	97.51	2.64
29-Jun-13	95	95	95	95	0.36
28-Jun-13	94.66	94.66	94.66	94.66	-6.96
27-Jun-13	101.74	101.74	101.74	101.74	-2.17
26-Jun-13	104	104	104	104	0.65
25-Jun-13	103.33	103.33	103.33	103.33	1.21
24-Jun-13	102.09	102.09	102.09	102.09	-5.38
23-Jun-13	107.9	107.9	107.9	107.9	-0.28
22-Jun-13	108.2	108.2	108.2	108.2	-1.19
21-Jun-13	109.5	109.5	109.5	109.5	-1.61
20-Jun-13	111.29	111.29	111.29	111.29	2.81
19-Jun-13	108.25	108.25	108.25	108.25	0.84
18-Jun-13	107.35	107.35	107.35	107.35	5.3
17-Jun-13	101.95	101.95	101.95	101.95	2.05
16-Jun-13	99.9	99.9	99.9	99.9	0.1
15-Jun-13	99.8	99.8	99.8	99.8	-0.2
14-Jun-13	100	100	100	100	-3.8
13-Jun-13	103.95	103.95	103.95	103.95	-4.44
12-Jun-13	108.78	108.78	108.78	108.78	-0.2
11-Jun-13	109	109	109	109	2.49
10-Jun-13	106.35	106.35	106.35	106.35	5.88
9-Jun-13	100.44	100.44	100.44	100.44	-6.91
8-Jun-13	107.89	107.89	107.89	107.89	-2.8
7-Jun-13	111	111	111	111	-6.7
6-Jun-13	118.97	118.97	118.97	118.97	-2.4
5-Jun-13	121.9	121.9	121.9	121.9	0.41
4-Jun-13	121.4	121.4	121.4	121.4	0.55
3-Jun-13	120.74	120.74	120.74	120.74	-1.44
2-Jun-13	122.5	122.5	122.5	122.5	-5.26
1-Jun-13	129.3	129.3	129.3	129.3	0.37
31-May-13	128.82	128.82	128.82	128.82	0.02
30-May-13	128.8	128.8	128.8	128.8	-2.61
29-May-13	132.25	132.25	132.25	132.25	2.52
28-May-13	129	129	129	129	-0.59
27-May-13	129.77	129.77	129.77	129.77	-2.79
26-May-13	133.5	133.5	133.5	133.5	1.14
25-May-13	131.99	131.99	131.99	131.99	-0.83
24-May-13	133.1	133.1	133.1	133.1	5.38
23-May-13	126.3	126.3	126.3	126.3	2.02
22-May-13	123.8	123.8	123.8	123.8	0.74
21-May-13	122.89	122.89	122.89	122.89	0.71
20-May-13	122.02	122.02	122.02	122.02	-0.39
19-May-13	122.5	122.5	122.5	122.5	-0.58
18-May-13	123.21	123.21	123.21	123.21	-0.23
17-May-13	123.5	123.5	123.5	123.5	4.48
16-May-13	118.21	118.21	118.21	118.21	3.49
15-May-13	114.22	114.22	114.22	114.22	2.53
14-May-13	111.4	111.4	111.4	111.4	-5.58
13-May-13	117.98	117.98	117.98	117.98	2.75
12-May-13	114.82	114.82	114.82	114.82	-0.71
11-May-13	115.64	115.64	115.64	115.64	-1.75
10-May-13	117.7	117.7	117.7	117.7	4.34
9-May-13	112.8	112.8	112.8	112.8	-0.35
8-May-13	113.2	113.2	113.2	113.2	3.28
7-May-13	109.6	109.6	109.6	109.6	-2.36
6-May-13	112.25	112.25	112.25	112.25	-3.22
5-May-13	115.98	115.98	115.98	115.98	2.73
4-May-13	112.9	112.9	112.9	112.9	15.09
3-May-13	98.1	98.1	98.1	98.1	-7.67
2-May-13	106.25	106.25	106.25	106.25	-8.7
1-May-13	116.38	116.38	116.38	116.38	-16.41
30-Apr-13	139.23	139.23	139.23	139.23	-3.31
29-Apr-13	144	144	144	144	7.11
28-Apr-13	134.44	134.44	134.44	134.44	5.03
27-Apr-13	128	128	128	128	-6.5
26-Apr-13	136.9	136.9	136.9	136.9	-3.39
25-Apr-13	141.71	141.71	141.71	141.71	-8.1
24-Apr-13	154.2	154.2	154.2	154.2	7.48
23-Apr-13	143.47	143.47	143.47	143.47	12.61
22-Apr-13	127.4	127.4	127.4	127.4	6.88
21-Apr-13	119.2	119.2	119.2	119.2	-5.86
20-Apr-13	126.62	126.62	126.62	126.62	6.87
19-Apr-13	118.48	118.48	118.48	118.48	8.69
18-Apr-13	109.01	109.01	109.01	109.01	17.13
17-Apr-13	93.07	93.07	93.07	93.07	36.15
16-Apr-13	68.36	68.36	68.36	68.36	-17.03
15-Apr-13	82.39	82.39	82.39	82.39	-8.46
14-Apr-13	90	90	90	90	-3.23
13-Apr-13	93	93	93	93	-20.51
12-Apr-13	117	117	117	117	-6.33
11-Apr-13	124.9	124.9	124.9	124.9	-24.3
10-Apr-13	165	165	165	165	-28.26
9-Apr-13	230	230	230	230	22.67
8-Apr-13	187.5	187.5	187.5	187.5	15.53
7-Apr-13	162.3	162.3	162.3	162.3	13.79
6-Apr-13	142.63	142.63	142.63	142.63	0.22
5-Apr-13	142.32	142.32	142.32	142.32	7.72
4-Apr-13	132.12	132.12	132.12	132.12	-2.13
3-Apr-13	135	135	135	135	14.43
2-Apr-13	117.98	117.98	117.98	117.98	13.44
1-Apr-13	104	104	104	104	11.79
31-Mar-13	93.03	93.03	93.03	93.03	0.91
30-Mar-13	92.19	92.19	92.19	92.19	1.87
29-Mar-13	90.5	90.5	90.5	90.5	5.01
28-Mar-13	86.18	86.18	86.18	86.18	-3.08
27-Mar-13	88.92	88.92	88.92	88.92	13.27
26-Mar-13	78.5	78.5	78.5	78.5	6.66
25-Mar-13	73.6	73.6	73.6	73.6	2.94
24-Mar-13	71.5	71.5	71.5	71.5	11.11
23-Mar-13	64.35	64.35	64.35	64.35	-7.89
22-Mar-13	69.86	69.86	69.86	69.86	-1.4
21-Mar-13	70.85	70.85	70.85	70.85	9.86
20-Mar-13	64.49	64.49	64.49	64.49	9.05
19-Mar-13	59.14	59.14	59.14	59.14	14.61
18-Mar-13	51.6	51.6	51.6	51.6	8.86
17-Mar-13	47.4	47.4	47.4	47.4	0.85
16-Mar-13	47	47	47	47	0.11
15-Mar-13	46.95	46.95	46.95	46.95	-0.47
14-Mar-13	47.17	47.17	47.17	47.17	0.53
13-Mar-13	46.92	46.92	46.92	46.92	5.94
12-Mar-13	44.29	44.29	44.29	44.29	-8.49
11-Mar-13	48.4	48.4	48.4	48.4	5.22
10-Mar-13	46	46	46	46	-1.81
9-Mar-13	46.85	46.85	46.85	46.85	6.04
8-Mar-13	44.18	44.18	44.18	44.18	5.19
7-Mar-13	42	42	42	42	2.39
6-Mar-13	41.02	41.02	41.02	41.02	1.71
5-Mar-13	40.33	40.33	40.33	40.33	11.56
4-Mar-13	36.15	36.15	36.15	36.15	4.78
3-Mar-13	34.5	34.5	34.5	34.5	0.73
2-Mar-13	34.25	34.25	34.25	34.25	-0.72
1-Mar-13	34.5	34.5	34.5	34.5	3.36
28-Feb-13	33.38	33.38	33.38	33.38	8.03
27-Feb-13	30.9	30.9	30.9	30.9	-0.64
26-Feb-13	31.1	31.1	31.1	31.1	2.3
25-Feb-13	30.4	30.4	30.4	30.4	1.71
24-Feb-13	29.89	29.89	29.89	29.89	0.3
23-Feb-13	29.8	29.8	29.8	29.8	-1.49
22-Feb-13	30.25	30.25	30.25	30.25	1.68
21-Feb-13	29.75	29.75	29.75	29.75	0.37
20-Feb-13	29.64	29.64	29.64	29.64	0.75
19-Feb-13	29.42	29.42	29.42	29.42	9.17
18-Feb-13	26.95	26.95	26.95	26.95	0.52
17-Feb-13	26.81	26.81	26.81	26.81	-1.51
16-Feb-13	27.22	27.22	27.22	27.22	0.44
15-Feb-13	27.1	27.1	27.1	27.1	-0.44
14-Feb-13	27.22	27.22	27.22	27.22	12.48
13-Feb-13	24.2	24.2	24.2	24.2	-3.85
12-Feb-13	25.17	25.17	25.17	25.17	2.11
11-Feb-13	24.65	24.65	24.65	24.65	2.84
10-Feb-13	23.97	23.97	23.97	23.97	1.35
9-Feb-13	23.65	23.65	23.65	23.65	4.37
8-Feb-13	22.66	22.66	22.66	22.66	2.3
7-Feb-13	22.15	22.15	22.15	22.15	4.58
6-Feb-13	21.18	21.18	21.18	21.18	2.82
5-Feb-13	20.6	20.6	20.6	20.6	0.83
4-Feb-13	20.43	20.43	20.43	20.43	-0.78
3-Feb-13	20.59	20.59	20.59	20.59	4.89
2-Feb-13	19.63	19.63	19.63	19.63	-4.24
1-Feb-13	20.5	20.5	20.5	20.5	0.44
31-Jan-13	20.41	20.41	20.41	20.41	3.6
30-Jan-13	19.7	19.7	19.7	19.7	0.87
29-Jan-13	19.53	19.53	19.53	19.53	4.33
28-Jan-13	18.72	18.72	18.72	18.72	5.05
27-Jan-13	17.82	17.82	17.82	17.82	-0.34
26-Jan-13	17.88	17.88	17.88	17.88	2.76
25-Jan-13	17.4	17.4	17.4	17.4	2.96
24-Jan-13	16.9	16.9	16.9	16.9	-3.43
23-Jan-13	17.5	17.5	17.5	17.5	1.39
22-Jan-13	17.26	17.26	17.26	17.26	2.74
21-Jan-13	16.8	16.8	16.8	16.8	7.01
20-Jan-13	15.7	15.7	15.7	15.7	0.58
19-Jan-13	15.61	15.61	15.61	15.61	-0.57
18-Jan-13	15.7	15.7	15.7	15.7	1.29
17-Jan-13	15.5	15.5	15.5	15.5	5.23
16-Jan-13	14.73	14.73	14.73	14.73	3.37
15-Jan-13	14.25	14.25	14.25	14.25	-0.35
14-Jan-13	14.3	14.3	14.3	14.3	1.27
13-Jan-13	14.12	14.12	14.12	14.12	-0.84
12-Jan-13	14.24	14.24	14.24	14.24	0.71
11-Jan-13	14.14	14.14	14.14	14.14	0
10-Jan-13	14.14	14.14	14.14	14.14	2.69
9-Jan-13	13.77	13.77	13.77	13.77	0.22
8-Jan-13	13.74	13.74	13.74	13.74	1.1
7-Jan-13	13.59	13.59	13.59	13.59	1.04
6-Jan-13	13.45	13.45	13.45	13.45	0.07
5-Jan-13	13.44	13.44	13.44	13.44	-0.44
4-Jan-13	13.5	13.5	13.5	13.5	0.75
3-Jan-13	13.4	13.4	13.4	13.4	0.9
2-Jan-13	13.28	13.28	13.28	13.28	-0.15
1-Jan-13	13.3	13.3	13.3	13.3	-1.55
31-Dec-12	13.51	13.51	13.51	13.51	0.45
30-Dec-12	13.45	13.45	13.45	13.45	0.37
29-Dec-12	13.4	13.4	13.4	13.4	-0.15
28-Dec-12	13.42	13.42	13.42	13.42	0
27-Dec-12	13.42	13.42	13.42	13.42	-0.37
26-Dec-12	13.47	13.47	13.47	13.47	0.9
25-Dec-12	13.35	13.35	13.35	13.35	-0.22
24-Dec-12	13.38	13.38	13.38	13.38	0.53
23-Dec-12	13.31	13.31	13.31	13.31	-0.45
22-Dec-12	13.37	13.37	13.37	13.37	-0.96
21-Dec-12	13.5	13.5	13.5	13.5	-0.15
20-Dec-12	13.52	13.52	13.52	13.52	-0.59
19-Dec-12	13.6	13.6	13.6	13.6	2.26
18-Dec-12	13.3	13.3	13.3	13.3	0.38
17-Dec-12	13.25	13.25	13.25	13.25	-0.38
16-Dec-12	13.3	13.3	13.3	13.3	-1.41
15-Dec-12	13.49	13.49	13.49	13.49	-0.81
14-Dec-12	13.6	13.6	13.6	13.6	-0.73
13-Dec-12	13.7	13.7	13.7	13.7	0
12-Dec-12	13.7	13.7	13.7	13.7	1.03
11-Dec-12	13.56	13.56	13.56	13.56	0.97
10-Dec-12	13.43	13.43	13.43	13.43	0.3
9-Dec-12	13.39	13.39	13.39	13.39	-0.22
8-Dec-12	13.42	13.42	13.42	13.42	-0.59
7-Dec-12	13.5	13.5	13.5	13.5	1.5
6-Dec-12	13.3	13.3	13.3	13.3	-0.6
5-Dec-12	13.38	13.38	13.38	13.38	-0.22
4-Dec-12	13.41	13.41	13.41	13.41	5.76
3-Dec-12	12.68	12.68	12.68	12.68	1.44
2-Dec-12	12.5	12.5	12.5	12.5	-0.48
1-Dec-12	12.56	12.56	12.56	12.56	0
30-Nov-12	12.56	12.56	12.56	12.56	0.88
29-Nov-12	12.45	12.45	12.45	12.45	0.81
28-Nov-12	12.35	12.35	12.35	12.35	1.23
27-Nov-12	12.2	12.2	12.2	12.2	-0.41
26-Nov-12	12.25	12.25	12.25	12.25	-1.84
25-Nov-12	12.48	12.48	12.48	12.48	0.56
24-Nov-12	12.41	12.41	12.41	12.41	0.57
23-Nov-12	12.34	12.34	12.34	12.34	-0.64
22-Nov-12	12.42	12.42	12.42	12.42	5.52
21-Nov-12	11.77	11.77	11.77	11.77	0.34
20-Nov-12	11.73	11.73	11.73	11.73	-0.59
19-Nov-12	11.8	11.8	11.8	11.8	1.29
18-Nov-12	11.65	11.65	11.65	11.65	-1.19
17-Nov-12	11.79	11.79	11.79	11.79	0.34
16-Nov-12	11.75	11.75	11.75	11.75	4.91
15-Nov-12	11.2	11.2	11.2	11.2	2.28
14-Nov-12	10.95	10.95	10.95	10.95	0
13-Nov-12	10.95	10.95	10.95	10.95	-0.54
12-Nov-12	11.01	11.01	11.01	11.01	1.29
11-Nov-12	10.87	10.87	10.87	10.87	-0.18
10-Nov-12	10.89	10.89	10.89	10.89	0.74
9-Nov-12	10.81	10.81	10.81	10.81	-1.01
8-Nov-12	10.92	10.92	10.92	10.92	0
7-Nov-12	10.92	10.92	10.92	10.92	0.18
6-Nov-12	10.9	10.9	10.9	10.9	1.4
5-Nov-12	10.75	10.75	10.75	10.75	-0.46
4-Nov-12	10.8	10.8	10.8	10.8	1.5
3-Nov-12	10.64	10.64	10.64	10.64	1.62
2-Nov-12	10.47	10.47	10.47	10.47	-0.95
1-Nov-12	10.57	10.57	10.57	10.57	-5.63
31-Oct-12	11.2	11.2	11.2	11.2	2.85
30-Oct-12	10.89	10.89	10.89	10.89	2.74
29-Oct-12	10.6	10.6	10.6	10.6	-0.93
28-Oct-12	10.7	10.7	10.7	10.7	4.29
27-Oct-12	10.26	10.26	10.26	10.26	0.88
26-Oct-12	10.17	10.17	10.17	10.17	-6.35
25-Oct-12	10.86	10.86	10.86	10.86	-6.78
24-Oct-12	11.65	11.65	11.65	11.65	0
23-Oct-12	11.65	11.65	11.65	11.65	-0.51
22-Oct-12	11.71	11.71	11.71	11.71	0.69
21-Oct-12	11.63	11.63	11.63	11.63	-0.94
20-Oct-12	11.74	11.74	11.74	11.74	0
19-Oct-12	11.74	11.74	11.74	11.74	-1.68
18-Oct-12	11.94	11.94	11.94	11.94	1.1
17-Oct-12	11.81	11.81	11.81	11.81	-0.34
16-Oct-12	11.85	11.85	11.85	11.85	0.08
15-Oct-12	11.84	11.84	11.84	11.84	0.85
14-Oct-12	11.74	11.74	11.74	11.74	-1.01
13-Oct-12	11.86	11.86	11.86	11.86	-1.17
12-Oct-12	12	12	12	12	-0.25
11-Oct-12	12.03	12.03	12.03	12.03	-0.74
10-Oct-12	12.12	12.12	12.12	12.12	1.93
9-Oct-12	11.89	11.89	11.89	11.89	0.93
8-Oct-12	11.78	11.78	11.78	11.78	-0.17
7-Oct-12	11.8	11.8	11.8	11.8	-5.6
6-Oct-12	12.5	12.5	12.5	12.5	-1.5
5-Oct-12	12.69	12.69	12.69	12.69	-1.25
4-Oct-12	12.85	12.85	12.85	12.85	-0.31
3-Oct-12	12.89	12.89	12.89	12.89	0.39
2-Oct-12	12.84	12.84	12.84	12.84	3.55
1-Oct-12	12.4	12.4	12.4	12.4	0
30-Sep-12	12.4	12.4	12.4	12.4	0.32
29-Sep-12	12.36	12.36	12.36	12.36	-0.24
28-Sep-12	12.39	12.39	12.39	12.39	0.65
27-Sep-12	12.31	12.31	12.31	12.31	0.33
26-Sep-12	12.27	12.27	12.27	12.27	0.57
25-Sep-12	12.2	12.2	12.2	12.2	0.83
24-Sep-12	12.1	12.1	12.1	12.1	-0.74
23-Sep-12	12.19	12.19	12.19	12.19	-0.41
22-Sep-12	12.24	12.24	12.24	12.24	-1.05
21-Sep-12	12.37	12.37	12.37	12.37	0.73
20-Sep-12	12.28	12.28	12.28	12.28	-2.31
19-Sep-12	12.57	12.57	12.57	12.57	2.61
18-Sep-12	12.25	12.25	12.25	12.25	3.03
17-Sep-12	11.89	11.89	11.89	11.89	0.17
16-Sep-12	11.87	11.87	11.87	11.87	1.02
15-Sep-12	11.75	11.75	11.75	11.75	0.69
14-Sep-12	11.67	11.67	11.67	11.67	2.37
13-Sep-12	11.4	11.4	11.4	11.4	0.35
12-Sep-12	11.36	11.36	11.36	11.36	0.26
11-Sep-12	11.33	11.33	11.33	11.33	1.43
10-Sep-12	11.17	11.17	11.17	11.17	1.36
9-Sep-12	11.02	11.02	11.02	11.02	-0.18
8-Sep-12	11.04	11.04	11.04	11.04	0.36
7-Sep-12	11	11	11	11	-1.61
6-Sep-12	11.18	11.18	11.18	11.18	1.64
5-Sep-12	11	11	11	11	5.97
4-Sep-12	10.38	10.38	10.38	10.38	-1.42
3-Sep-12	10.53	10.53	10.53	10.53	3.24
2-Sep-12	10.2	10.2	10.2	10.2	2.31
1-Sep-12	9.97	9.97	9.97	9.97	-1.87
31-Aug-12	10.16	10.16	10.16	10.16	-5.75
30-Aug-12	10.78	10.78	10.78	10.78	-1.28
29-Aug-12	10.92	10.92	10.92	10.92	-0.18
28-Aug-12	10.94	10.94	10.94	10.94	-0.09
27-Aug-12	10.95	10.95	10.95	10.95	3.2
26-Aug-12	10.61	10.61	10.61	10.61	0.86
25-Aug-12	10.52	10.52	10.52	10.52	-0.75
24-Aug-12	10.6	10.6	10.6	10.6	4.95
23-Aug-12	10.1	10.1	10.1	10.1	2.96
22-Aug-12	9.81	9.81	9.81	9.81	-1.01
21-Aug-12	9.91	9.91	9.91	9.91	-1.88
20-Aug-12	10.1	10.1	10.1	10.1	26.25
19-Aug-12	8	8	8	8	-31.09
18-Aug-12	11.61	11.61	11.61	11.61	0.26
17-Aug-12	11.58	11.58	11.58	11.58	-14.22
16-Aug-12	13.5	13.5	13.5	13.5	1.89
15-Aug-12	13.25	13.25	13.25	13.25	8.7
14-Aug-12	12.19	12.19	12.19	12.19	1.25
13-Aug-12	12.04	12.04	12.04	12.04	3.61
12-Aug-12	11.62	11.62	11.62	11.62	0.96
11-Aug-12	11.51	11.51	11.51	11.51	1.05
10-Aug-12	11.39	11.39	11.39	11.39	2.98
9-Aug-12	11.06	11.06	11.06	11.06	0
8-Aug-12	11.06	11.06	11.06	11.06	-0.36
7-Aug-12	11.1	11.1	11.1	11.1	2.21
6-Aug-12	10.86	10.86	10.86	10.86	-0.09
5-Aug-12	10.87	10.87	10.87	10.87	-1
4-Aug-12	10.98	10.98	10.98	10.98	0.09
3-Aug-12	10.97	10.97	10.97	10.97	4.18
2-Aug-12	10.53	10.53	10.53	10.53	10.26
1-Aug-12	9.55	9.55	9.55	9.55	2.14
31-Jul-12	9.35	9.35	9.35	9.35	2.75
30-Jul-12	9.1	9.1	9.1	9.1	4.48
29-Jul-12	8.71	8.71	8.71	8.71	-2.02
28-Jul-12	8.89	8.89	8.89	8.89	-0.11
27-Jul-12	8.9	8.9	8.9	8.9	0
26-Jul-12	8.9	8.9	8.9	8.9	1.14
25-Jul-12	8.8	8.8	8.8	8.8	2.33
24-Jul-12	8.6	8.6	8.6	8.6	1.78
23-Jul-12	8.45	8.45	8.45	8.45	0.48
22-Jul-12	8.41	8.41	8.41	8.41	-4.97
21-Jul-12	8.85	8.85	8.85	8.85	3.87
20-Jul-12	8.52	8.52	8.52	8.52	-3.95
19-Jul-12	8.87	8.87	8.87	8.87	-2.63
18-Jul-12	9.11	9.11	9.11	9.11	3.52
17-Jul-12	8.8	8.8	8.8	8.8	3.53
16-Jul-12	8.5	8.5	8.5	8.5	11.55
15-Jul-12	7.62	7.62	7.62	7.62	1.06
14-Jul-12	7.54	7.54	7.54	7.54	-1.69
13-Jul-12	7.67	7.67	7.67	7.67	-1.16
12-Jul-12	7.76	7.76	7.76	7.76	8.53
11-Jul-12	7.15	7.15	7.15	7.15	-0.69
10-Jul-12	7.2	7.2	7.2	7.2	2.56
9-Jul-12	7.02	7.02	7.02	7.02	3.24
8-Jul-12	6.8	6.8	6.8	6.8	0.59
7-Jul-12	6.76	6.76	6.76	6.76	1.65
6-Jul-12	6.65	6.65	6.65	6.65	-0.3
5-Jul-12	6.67	6.67	6.67	6.67	2.46
4-Jul-12	6.51	6.51	6.51	6.51	0.93
3-Jul-12	6.45	6.45	6.45	6.45	-4.59
2-Jul-12	6.76	6.76	6.76	6.76	1.96
1-Jul-12	6.63	6.63	6.63	6.63	-0.9
30-Jun-12	6.69	6.69	6.69	6.69	0.6
29-Jun-12	6.65	6.65	6.65	6.65	0.61
28-Jun-12	6.61	6.61	6.61	6.61	-0.6
27-Jun-12	6.65	6.65	6.65	6.65	3.58
26-Jun-12	6.42	6.42	6.42	6.42	1.9
25-Jun-12	6.3	6.3	6.3	6.3	-0.79
24-Jun-12	6.35	6.35	6.35	6.35	-1.24
23-Jun-12	6.43	6.43	6.43	6.43	-1.83
22-Jun-12	6.55	6.55	6.55	6.55	-1.95
21-Jun-12	6.68	6.68	6.68	6.68	0.15
20-Jun-12	6.67	6.67	6.67	6.67	2.62
19-Jun-12	6.5	6.5	6.5	6.5	3.01
18-Jun-12	6.31	6.31	6.31	6.31	2.44
17-Jun-12	6.16	6.16	6.16	6.16	-3.75
16-Jun-12	6.4	6.4	6.4	6.4	-1.54
15-Jun-12	6.5	6.5	6.5	6.5	9.24
14-Jun-12	5.95	5.95	5.95	5.95	0.34
13-Jun-12	5.93	5.93	5.93	5.93	4.04
12-Jun-12	5.7	5.7	5.7	5.7	2.33
11-Jun-12	5.57	5.57	5.57	5.57	1.83
10-Jun-12	5.47	5.47	5.47	5.47	-1.62
9-Jun-12	5.56	5.56	5.56	5.56	-1.24
8-Jun-12	5.63	5.63	5.63	5.63	0.72
7-Jun-12	5.59	5.59	5.59	5.59	2.38
6-Jun-12	5.46	5.46	5.46	5.46	0.37
5-Jun-12	5.44	5.44	5.44	5.44	3.23
4-Jun-12	5.27	5.27	5.27	5.27	1.15
3-Jun-12	5.21	5.21	5.21	5.21	-0.76
2-Jun-12	5.25	5.25	5.25	5.25	-0.38
1-Jun-12	5.27	5.27	5.27	5.27	1.74
31-May-12	5.18	5.18	5.18	5.18	0.97
30-May-12	5.13	5.13	5.13	5.13	-0.39
29-May-12	5.15	5.15	5.15	5.15	0.19
28-May-12	5.14	5.14	5.14	5.14	0
27-May-12	5.14	5.14	5.14	5.14	0.78
26-May-12	5.1	5.1	5.1	5.1	-0.97
25-May-12	5.15	5.15	5.15	5.15	0.59
24-May-12	5.12	5.12	5.12	5.12	-0.39
23-May-12	5.14	5.14	5.14	5.14	0.78
22-May-12	5.1	5.1	5.1	5.1	0
21-May-12	5.1	5.1	5.1	5.1	0.2
20-May-12	5.09	5.09	5.09	5.09	-0.2
19-May-12	5.1	5.1	5.1	5.1	-0.39
18-May-12	5.12	5.12	5.12	5.12	0.39
17-May-12	5.1	5.1	5.1	5.1	0.2
16-May-12	5.09	5.09	5.09	5.09	1.19
15-May-12	5.03	5.03	5.03	5.03	0.4
14-May-12	5.01	5.01	5.01	5.01	1.62
13-May-12	4.93	4.93	4.93	4.93	-0.4
12-May-12	4.95	4.95	4.95	4.95	-0.2
11-May-12	4.96	4.96	4.96	4.96	2.27
10-May-12	4.85	4.85	4.85	4.85	-3.77
9-May-12	5.04	5.04	5.04	5.04	-0.2
8-May-12	5.05	5.05	5.05	5.05	-0.2
7-May-12	5.06	5.06	5.06	5.06	0.2
6-May-12	5.05	5.05	5.05	5.05	-0.59
5-May-12	5.08	5.08	5.08	5.08	0.2
4-May-12	5.07	5.07	5.07	5.07	-1.17
3-May-12	5.13	5.13	5.13	5.13	1.18
2-May-12	5.07	5.07	5.07	5.07	1.4
1-May-12	5	5	5	5	1.01
30-Apr-12	4.95	4.95	4.95	4.95	1.02
29-Apr-12	4.9	4.9	4.9	4.9	-1.61
28-Apr-12	4.98	4.98	4.98	4.98	-2.54
27-Apr-12	5.11	5.11	5.11	5.11	0.2
26-Apr-12	5.1	5.1	5.1	5.1	-0.58
25-Apr-12	5.13	5.13	5.13	5.13	0.59
24-Apr-12	5.1	5.1	5.1	5.1	2.82
23-Apr-12	4.96	4.96	4.96	4.96	-4.62
22-Apr-12	5.2	5.2	5.2	5.2	-1.14
21-Apr-12	5.26	5.26	5.26	5.26	-1.68
20-Apr-12	5.35	5.35	5.35	5.35	4.09
19-Apr-12	5.14	5.14	5.14	5.14	0.39
18-Apr-12	5.12	5.12	5.12	5.12	2.81
17-Apr-12	4.98	4.98	4.98	4.98	1.01
16-Apr-12	4.93	4.93	4.93	4.93	-0.8
15-Apr-12	4.97	4.97	4.97	4.97	0.2
14-Apr-12	4.96	4.96	4.96	4.96	0.4
13-Apr-12	4.94	4.94	4.94	4.94	0.41
12-Apr-12	4.92	4.92	4.92	4.92	-0.2
11-Apr-12	4.93	4.93	4.93	4.93	1.86
10-Apr-12	4.84	4.84	4.84	4.84	-0.62
9-Apr-12	4.87	4.87	4.87	4.87	1.67
8-Apr-12	4.79	4.79	4.79	4.79	2.13
7-Apr-12	4.69	4.69	4.69	4.69	-5.25
6-Apr-12	4.95	4.95	4.95	4.95	0.61
5-Apr-12	4.92	4.92	4.92	4.92	0.2
4-Apr-12	4.91	4.91	4.91	4.91	-0.81
3-Apr-12	4.95	4.95	4.95	4.95	-0.4
2-Apr-12	4.97	4.97	4.97	4.97	2.9
1-Apr-12	4.83	4.83	4.83	4.83	-1.63
31-Mar-12	4.91	4.91	4.91	4.91	1.03
30-Mar-12	4.86	4.86	4.86	4.86	1.04
29-Mar-12	4.81	4.81	4.81	4.81	0.42
28-Mar-12	4.79	4.79	4.79	4.79	-0.42
27-Mar-12	4.81	4.81	4.81	4.81	4.11
26-Mar-12	4.62	4.62	4.62	4.62	1.54
25-Mar-12	4.55	4.55	4.55	4.55	-2.78
24-Mar-12	4.68	4.68	4.68	4.68	-0.21
23-Mar-12	4.69	4.69	4.69	4.69	-0.21
22-Mar-12	4.7	4.7	4.7	4.7	-2.29
21-Mar-12	4.81	4.81	4.81	4.81	-0.62
20-Mar-12	4.84	4.84	4.84	4.84	3.2
19-Mar-12	4.69	4.69	4.69	4.69	-11.17
18-Mar-12	5.28	5.28	5.28	5.28	1.15
17-Mar-12	5.22	5.22	5.22	5.22	-2.25
16-Mar-12	5.34	5.34	5.34	5.34	0.19
15-Mar-12	5.33	5.33	5.33	5.33	-0.93
14-Mar-12	5.38	5.38	5.38	5.38	2.09
13-Mar-12	5.27	5.27	5.27	5.27	7.77
12-Mar-12	4.89	4.89	4.89	4.89	-0.41
11-Mar-12	4.91	4.91	4.91	4.91	1.66
10-Mar-12	4.83	4.83	4.83	4.83	-0.62
9-Mar-12	4.86	4.86	4.86	4.86	-1.42
8-Mar-12	4.93	4.93	4.93	4.93	-0.2
7-Mar-12	4.94	4.94	4.94	4.94	-1
6-Mar-12	4.99	4.99	4.99	4.99	0.2
5-Mar-12	4.98	4.98	4.98	4.98	3.32
4-Mar-12	4.82	4.82	4.82	4.82	4.56
3-Mar-12	4.61	4.61	4.61	4.61	-1.91
2-Mar-12	4.7	4.7	4.7	4.7	-4.47
1-Mar-12	4.92	4.92	4.92	4.92	1.23
29-Feb-12	4.86	4.86	4.86	4.86	-0.21
28-Feb-12	4.87	4.87	4.87	4.87	-1.81
27-Feb-12	4.96	4.96	4.96	4.96	0.81
26-Feb-12	4.92	4.92	4.92	4.92	3.14
25-Feb-12	4.77	4.77	4.77	4.77	-5.17
24-Feb-12	5.03	5.03	5.03	5.03	0.4
23-Feb-12	5.01	5.01	5.01	5.01	13.35
22-Feb-12	4.42	4.42	4.42	4.42	3.51
21-Feb-12	4.27	4.27	4.27	4.27	-2.06
20-Feb-12	4.36	4.36	4.36	4.36	-0.68
19-Feb-12	4.39	4.39	4.39	4.39	4.03
18-Feb-12	4.22	4.22	4.22	4.22	-4.31
17-Feb-12	4.41	4.41	4.41	4.41	3.28
16-Feb-12	4.27	4.27	4.27	4.27	-1.39
15-Feb-12	4.33	4.33	4.33	4.33	-2.91
14-Feb-12	4.46	4.46	4.46	4.46	-15.21
13-Feb-12	5.26	5.26	5.26	5.26	-4.54
12-Feb-12	5.51	5.51	5.51	5.51	-1.61
11-Feb-12	5.6	5.6	5.6	5.6	-5.25
10-Feb-12	5.91	5.91	5.91	5.91	1.37
9-Feb-12	5.83	5.83	5.83	5.83	4.11
8-Feb-12	5.6	5.6	5.6	5.6	-1.58
7-Feb-12	5.69	5.69	5.69	5.69	4.4
6-Feb-12	5.45	5.45	5.45	5.45	-4.22
5-Feb-12	5.69	5.69	5.69	5.69	-3.07
4-Feb-12	5.87	5.87	5.87	5.87	-1.51
3-Feb-12	5.96	5.96	5.96	5.96	-2.3
2-Feb-12	6.1	6.1	6.1	6.1	0.33
					
	"Highest:11,842.00"	Lowest:0.00	"Difference:11,842.00"	Average:750.03	"Change %:190,607.24"